Rank,Channel Name,Category,Subscribers,Country,Average Views,Avg Views,Average Likes,Avg Likes,Average Comments,Avg Comments,Content Type
1,T-Series,Music & Dance,258.4M,India,135.2K,135200000,5.6K,5600000,223,223,None
2,MrBeast,Video games,236.1M,United States,104M,1.04E+11,4M,4000000000,74K,74000000,Humor
3,Cocomelon - Nursery Rhymes,Education,171.4M,None,5.1M,5100000000,57.1K,57100000,0,0,None
4,SET India,None,167.1M,India,27.9K,27900000,996,996,7,7,None
5,✿ Kids Diana Show,Animation,118.5M,None,5.1M,5100000000,14.3K,14300000,0,0,Toys
6,Like Nastya,Toys,112.6M,None,3.4M,3400000000,45.9K,45900000,0,0,None
7,PewDiePie,Movies,111.6M,United States,1.7M,1700000000,109.2K,109200000,3.1K,3100000,Video games
8,Vlad and Niki,Animation,109.6M,None,5.8M,5800000000,42.7K,42700000,0,0,Toys
9,Zee Music Company,Music & Dance,104.5M,India,38K,38000000,1.6K,1600000,26,26,None
10,WWE,Video games,99M,United States,182.9K,182900000,6.8K,6800000,227,227,None
11,Goldmines,Music & Dance,94M,India,34.6K,34600000,518,518,13,13,None
12,Sony SAB,Movies,89.1M,India,30.6K,30600000,789,789,10,10,Animation
13,5-Minute Crafts,Movies,80.6M,India,137.6K,137600000,632,632,33,33,None
14,BANGTANTV,Music & Dance,77.4M,India,688.2K,688200000,129.1K,129100000,3K,3000000,None
15,Zee TV,None,77M,India,8.2K,8200000,295,295,1,1,None
16,HYBE LABELS,Music & Dance,73.9M,United States,118.1K,118100000,21.6K,21600000,215,215,None
17,Pinkfong Baby Shark - Kids' Songs & Stories,Toys,72.5M,None,637.6K,637600000,713,713,0,0,None
18,Colors TV,None,70.2M,India,17.6K,17600000,632,632,3,3,None
19,ChuChu TV Nursery Rhymes & Kids Songs,Toys,69.8M,None,762.2K,762200000,15.5K,15500000,0,0,None
20,Shemaroo Filmi Gaane,Music & Dance,67.4M,India,29.3K,29300000,298,298,15,15,None
21,Canal KondZilla,Music & Dance,67M,Brazil,23K,23000000,1K,1000000,13,13,None
22,T-Series Bhakti Sagar,Music & Dance,65.8M,India,20.1K,20100000,1.2K,1200000,26,26,None
23,Tips Official,Music & Dance,63.5M,India,41.7K,41700000,800,800,20,20,None
24,El Reino Infantil,Music & Dance,62.4M,None,720.8K,720800000,3K,3000000,0,0,None
25,Aaj Tak,News & Politics,61.9M,India,13.9K,13900000,399,399,6,6,None
26,Movieclips,Movies,60.7M,United States,13.8K,13800000,212,212,11,11,Humor
27,Wave Music,Music & Dance,60.5M,None,32.8K,32800000,746,746,59,59,None
28,Dude Perfect,Video games,60M,United States,4.8M,4800000000,134.5K,134500000,893,893,None
29,Sony Music India,Music & Dance,59.3M,India,16.1K,16100000,607,607,21,21,None
30,Infobells - Hindi,Education,59.1M,None,1.3M,1300000000,3.8K,3800000,0,0,None
31,EminemMusic,Movies,58.9M,United States,1.2M,1200000000,84K,84000000,7.4K,7400000,None
32,YRF,Music & Dance,58.3M,India,62.7K,62700000,3.4K,3400000,35,35,None
33,Marshmello,Music & Dance,56.9M,United States,88.2K,88200000,7.1K,7100000,137,137,None
34,LooLoo Kids - Nursery Rhymes and Children's Songs,Music & Dance,56.1M,United States,237.4K,237400000,773,773,0,0,None
35,BillionSurpriseToys  - Nursery Rhymes & Cartoons,Toys,55.2M,None,82.8K,82800000,0,0,0,0,None
36,Ariana Grande,Music & Dance,53.5M,United States,310.7K,310700000,40.4K,40400000,1.5K,1500000,None
37,Shemaroo,None,51.4M,India,9.7K,9700000,84,84,5,5,None
38,Toys and Colors,Movies,51.1M,None,4.8M,4800000000,2.8K,2800000,0,0,Toys
39,ARY Digital HD,None,50.5M,Pakistan,21.9K,21900000,722,722,4,4,None
40,A4,Animation,50.5M,Russia,7.9M,7900000000,337.9K,337900000,27K,27000000,Humor
41,HAR PAL GEO,Movies,50.1M,Pakistan,6.7K,6700000,61,61,2,2,Animation
42,Get Movies,Movies,49.4M,None,56.6K,56600000,219,219,0,0,Humor
43,JuegaGerman,Movies,49.2M,Mexico,1.5M,1500000000,96.5K,96500000,4.8K,4800000,Animation
44,Billie Eilish,Music & Dance,49.1M,United States,363.1K,363100000,30.2K,30200000,418,418,None
45,SonyMusicIndiaVEVO,Music & Dance,49M,India,9.4K,9400000,134,134,9,9,None
46,Mikecrack,Movies,47.4M,Mexico,785.6K,785600000,73.5K,73500000,1.7K,1700000,Animation
47,Badabun,None,47.3M,Mexico,6.8K,6800000,276,276,3,3,None
48,Voot Kids,None,47.2M,None,41.5K,41500000,169,169,0,0,None
49,ABS-CBN Entertainment,None,46.7M,Philippines,2.5K,2500000,56,56,1,1,None
50,Маша и Медведь,None,46.5M,None,1.4M,1400000000,11.7K,11700000,0,0,None
51,Masha and The Bear,Movies,46.3M,None,832.4K,832400000,4.6K,4600000,0,0,Animation
52,Felipe Neto,None,46.2M,Brazil,0,0,0,0,0,0,None
53,Você Sabia?,None,45.3M,Brazil,1.2M,1200000000,73.1K,73100000,1.4K,1400000,None
54,Jess No Limit,Movies,45.2M,Indonesia,233.9K,233900000,9.1K,9100000,229,229,Humor
55,Alan Walker,Music & Dance,44.9M,United States,163.3K,163300000,13.1K,13100000,469,469,Movies
56,ZAMZAM ELECTRONICS TRADING,None,44.8M,India,293.9K,293900000,21.7K,21700000,388,388,None
57,whinderssonnunes,Music & Dance,44.6M,Brazil,140.4K,140400000,25.4K,25400000,91,91,Animation
58,BRIGHT SIDE,None,44.6M,United States,20K,20000000,407,407,22,22,None
59,BETER BÖCÜK,None,44.2M,India,529K,529000000,27.6K,27600000,233,233,None
60,YOLO AVENTURAS,Movies,43.9M,Mexico,2.3M,2300000000,114.4K,114400000,349,349,Animation
61,Ishtar Music,Music & Dance,43.8M,India,22.4K,22400000,691,691,13,13,None
62,Speed Records,Music & Dance,43.3M,India,26.5K,26500000,1.1K,1100000,39,39,None
63,Like Nastya Show,Animation,43M,None,302K,302000000,1.1K,1100000,0,0,Toys
64,Rihanna,Education,42.7M,United States,195K,195000000,11.7K,11700000,301,301,None
65,Ricis Official,Music & Dance,42.5M,Indonesia,101K,101000000,6.6K,6600000,140,140,Movies
66,shfa2 - شفا,Animation,42.2M,None,809.6K,809600000,7.2K,7200000,0,0,Toys
67,LUCCAS NETO - LUCCAS TOON,Movies,41.8M,Brazil,324.4K,324400000,12.8K,12800000,0,0,Animation
68,Luisito Comunica,None,41.8M,Mexico,3.5M,3500000000,89.8K,89800000,1.9K,1900000,None
69,Sony PAL,None,41.3M,India,24.2K,24200000,385,385,19,19,None
70,Super Simple Songs - Kids Songs,Music & Dance,41M,None,713.7K,713700000,4.2K,4200000,0,0,None
71,Little Baby Bum - Nursery Rhymes & Kids Songs,Animation,40.9M,None,82K,82000000,198,198,0,0,Toys
72,Goldmines Gaane Sune Ansune,Music & Dance,40.8M,India,21.8K,21800000,165,165,10,10,None
73,shfa,Daily vlogs,40.7M,France,7.1M,7100000000,68K,68000000,0,0,None
74,Fede Vigevani,Animation,40.6M,Mexico,6.7M,6700000000,403.8K,403800000,26K,26000000,Humor
75,WorkpointOfficial,None,40.3M,Thailand,9.1K,9100000,239,239,1,1,None
76,ABP NEWS,News & Politics,40.1M,India,3.1K,3100000,76,76,1,1,None
77,GR6 EXPLODE,Music & Dance,40.1M,Brazil,60.8K,60800000,3K,3000000,91,91,None
78,TEDx Talks,None,40.1M,United States,334,334,12,12,0,0,None
79,Vlad và Niki,Movies,40M,None,457.2K,457200000,1.3K,1300000,0,0,Humor
80,Like Nastya ESP,Movies,39.6M,None,654.6K,654600000,1.3K,1300000,0,0,Humor
81,Maria Clara & JP,Movies,39.4M,None,2.7M,2700000000,20.9K,20900000,0,0,Animation
82,Total Gaming,Movies,39.3M,India,10.5M,10500000000,1.2M,1200000000,111K,111000000,Video games
83,ช่อง one31,None,39.3M,Thailand,6.1K,6100000,155,155,1,1,None
84,Saregama Music,Music & Dance,39.2M,India,22.4K,22400000,528,528,16,16,None
85,KL BRO Biju Rithvik,None,39.2M,India,710.8K,710800000,19.5K,19500000,171,171,None
86,TheDonato,Movies,39.1M,Mexico,677.3K,677300000,44.8K,44800000,619,619,Video games
87,PowerKids TV,Movies,39M,India,43.7K,43700000,0,0,0,0,Animation
88,Daddy Yankee,Music & Dance,38.6M,Colombia,56.6K,56600000,6.3K,6300000,216,216,None
89,T-Series Bollywood Classics,Music & Dance,38.6M,India,32.8K,32800000,429,429,14,14,None
90,DaFuq!?Boom!,Animation,38.5M,United States,8.4M,8400000000,591.7K,591700000,8.4K,8400000,Humor
91,Ultra Bollywood,None,38.5M,India,37.8K,37800000,287,287,10,10,None
92,IndiaTV,News & Politics,38.4M,India,10.8K,10800000,235,235,3,3,None
93,La Granja de Zenón,Music & Dance,38.4M,None,1.3M,1300000000,18.3K,18300000,0,0,Animation
94,YouTube,None,38.4M,United States,58.4K,58400000,1.9K,1900000,159,159,None
95,TheEllenShow,None,38.3M,United States,7.6K,7600000,153,153,10,10,None
96,StarPlus,None,38.2M,India,11K,11000000,108,108,3,3,None
97,Techno Gamerz,None,38M,India,6.8M,6800000000,324.1K,324100000,21K,21000000,None
98,Jkk Entertainment,None,37.5M,India,673.2K,673200000,4.1K,4100000,112,112,None
99,Dushyant kukreja,None,37.4M,India,2.6M,2600000000,67.4K,67400000,284,284,None
100,Jingle Toons,None,36.9M,India,62.9K,62900000,306,306,1,1,None
101,AboFlah,Animation,36.9M,Iraq,5.7M,5700000000,422K,422000000,14.2K,14200000,Video games
102,Maroon 5,Music & Dance,36.8M,United States,0,0,0,0,0,0,None
103,Alan Chikin Chow,Music & Dance,36.8M,India,1.3M,1300000000,54.9K,54900000,328,328,Humor
104,Jingle Toons,None,36.8M,India,49.4K,49400000,255,255,1,1,None
105,Markiplier,Animation,36.3M,United States,2.4M,2400000000,139.7K,139700000,3.6K,3600000,Video games
106,Ryan's World,Animation,36.2M,None,314.5K,314500000,2.2K,2200000,0,0,Toys
107,T-Series Apna Punjab,Music & Dance,35.9M,India,14.7K,14700000,459,459,19,19,None
108,MR. INDIAN HACKER,None,35.6M,India,3.7M,3700000000,285.7K,285700000,7K,7000000,None
109,Shorts Break,None,35.3M,India,4.6M,4600000000,211.4K,211400000,231,231,None
110,Rajshri,Movies,35.3M,India,13.6K,13600000,306,306,4,4,Humor
111,Frost Diamond,Movies,35.2M,Indonesia,339.3K,339300000,10K,10000000,380,380,Animation
112,Geet MP3,Music & Dance,35M,India,429.2K,429200000,12.1K,12100000,1.2K,1200000,None
113,WowKidz,Animation,34.8M,None,30.4K,30400000,172,172,0,0,Humor
114,Ch3Thailand,None,34.6M,Thailand,24.1K,24100000,829,829,6,6,None
115,BabyBus - Kids Songs and Cartoons,Animation,34.4M,None,706.5K,706500000,705,705,0,0,Toys
116,HUM TV,None,34.4M,Pakistan,4.1K,4100000,151,151,1,1,None
117,SSSniperWolf,Movies,34.4M,United States,680.8K,680800000,32.6K,32600000,1.6K,1600000,Humor
118,J Balvin,Animation,34.2M,Colombia,10.5K,10500000,1K,1000000,21,21,Video games
119,GMA  Network,None,34.2M,Philippines,2.4K,2400000,90,90,0,0,None
120,DisneyMusicVEVO,Music & Dance,34.1M,United States,53.2K,53200000,300,300,15,15,Movies
121,Lucas and Marcus,Animation,34.1M,United States,762.9K,762900000,20K,20000000,518,518,Humor
122,Zee News,News & Politics,34M,India,10.7K,10700000,307,307,6,6,None
123,VEGETTA777,Movies,34M,Mexico,398K,398000000,30.5K,30500000,295,295,Animation
124,Enaldinho,None,33.9M,Brazil,2M,2000000000,60K,60000000,1.3K,1300000,None
125,KHANDESHI MOVIES,Movies,33.8M,India,520.6K,520600000,4.2K,4200000,137,137,Animation
126,Peppa Pig - Official Channel,Toys,33.7M,None,92.6K,92600000,548,548,0,0,None
127,NoCopyrightSounds,Music & Dance,33.7M,United States,50.2K,50200000,3.5K,3500000,86,86,Animation
128,Diana and Roma ESP,Animation,33.6M,None,924.5K,924500000,2.2K,2200000,0,0,Toys
129,Junya Official Channel,None,33.6M,Japan,414.5K,414500000,10.2K,10200000,38,38,None
130,Worldwide Records Bhojpuri,Music & Dance,33.3M,India,43.9K,43900000,1.5K,1500000,21,21,None
131,LankyBox,Animation,33.3M,United States,270.6K,270600000,5K,5000000,258,258,Video games
132,Gulshan Kalra,None,33.3M,India,3.3M,3300000000,125K,125000000,321,321,None
133,Alejo Igoa,Animation,33.1M,Argentina,2.7M,2700000000,181.2K,181200000,1.1K,1100000,None
134,आचार्य प्रशान्त - Acharya Prashant,Education,33M,India,85.5K,85500000,6.9K,6900000,42,42,None
135,Zhong,Animation,33M,United States,1.2M,1200000000,28K,28000000,828,828,Humor
136,Akshay Nagwadiya,None,32.9M,India,772.2K,772200000,31.1K,31100000,39,39,None
137,Mr Bean,Movies,32.8M,India,159.5K,159500000,1.6K,1600000,70,70,Humor
138,rezendeevil,Movies,32.5M,Brazil,155.4K,155400000,7.4K,7400000,84,84,None
139,DONA 도나,None,32.4M,United States,1.6M,1600000000,8.9K,8900000,216,216,None
140,SMTOWN,Music & Dance,32.3M,United States,295.3K,295300000,26.9K,26900000,1.6K,1600000,None
141,GENIAL,Animation,32M,Mexico,11.6K,11600000,405,405,14,14,None
142,व्लाद और निकिता,None,31.8M,None,267K,267000000,954,954,0,0,None
143,LeoNata Family,None,31.8M,United States,1.3M,1300000000,18.5K,18500000,41,41,None
144,Luis Fonsi,None,31.8M,United States,13.4K,13400000,1.3K,1300000,50,50,None
145,김프로KIMPRO,None,31.7M,Indonesia,493.5K,493500000,17.9K,17900000,136,136,None
146,Heroindori,None,31.7M,India,2.3M,2300000000,102.4K,102400000,82,82,None
147,The Tonight Show Starring Jimmy Fallon,None,31.4M,United States,116.6K,116600000,809,809,147,147,None
148,Aditya Movies,None,31.2M,India,18.6K,18600000,643,643,5,5,None
149,Masha y el Oso,None,31.2M,None,841.9K,841900000,3.1K,3100000,0,0,None
150,Little Angel: Nursery Rhymes & Kids Songs,Animation,31.1M,None,293.1K,293100000,321,321,0,0,Toys
151,Spider Slack,None,31.1M,Brazil,2M,2000000000,144K,144000000,252,252,None
152,Real fools shorts official,None,31.1M,None,11.7M,11700000000,465.8K,465800000,1.7K,1700000,None
153,Talking Tom,Animation,31.1M,United States,415.6K,415600000,2.2K,2200000,0,0,Humor
154,Shemaroo Movies,None,31.1M,India,20.2K,20200000,176,176,7,7,None
155,قناة طيور الجنة | toyoraljanahtv,Music & Dance,31M,None,82K,82000000,0,0,0,0,None
156,AH,Music & Dance,31M,Indonesia,140.5K,140500000,7.2K,7200000,139,139,Movies
157,★ Kids Roma Show,Animation,30.9M,None,1.5M,1500000000,3.8K,3800000,0,0,Toys
158,infobells - Telugu,Education,30.8M,None,146.4K,146400000,278,278,0,0,None
159,infobells - Tamil,Education,30.7M,None,446.6K,446600000,9.5K,9500000,0,0,None
160,jacksepticeye,Animation,30.7M,United States,0,0,0,0,0,0,Humor
161,Aditya Music India,Music & Dance,30.5M,India,18.7K,18700000,860,860,4,4,Movies
162,Boram Tube Vlog [보람튜브 브이로그],None,30.4M,None,50.2K,50200000,319,319,0,0,None
163,Spinnin' Records,Music & Dance,30.4M,United States,28.4K,28400000,1.1K,1100000,32,32,None
164,Trap Nation,Music & Dance,30.4M,United States,37.4K,37400000,1.4K,1400000,74,74,None
165,mujjuu___14,None,30.3M,India,7.6M,7600000000,213.8K,213800000,154,154,None
166,ashish chanchlani vines,Movies,30.2M,India,4.6M,4600000000,295.3K,295300000,1.7K,1700000,Humor
167,Goldmines Dishoom,Movies,30.1M,None,14K,14000000,175,175,0,0,Video games
168,Ultra Records,Music & Dance,30.1M,United States,13.6K,13600000,494,494,18,18,None
169,Maluma,Music & Dance,29.8M,Colombia,2.2M,2200000000,66.7K,66700000,2.6K,2600000,None
170,Alfredo Larin,None,29.7M,El Salvador,12.9M,12900000000,682.2K,682200000,2K,2000000,None
171,Crazy XYZ,Music & Dance,29.4M,India,4.6M,4600000000,261.4K,261400000,12.5K,12500000,Animation
172,NichLmao,Movies,29.3M,United States,1.4M,1400000000,61.9K,61900000,464,464,Humor
173,Brent Rivera,Video games,29.2M,United States,3.3M,3300000000,138K,138000000,4.7K,4700000,Humor
174,Daniel LaBelle,Animation,29M,United States,6M,6000000000,441.2K,441200000,2.2K,2200000,Humor
175,Goldmines Bollywood,Music & Dance,29M,India,11.5K,11500000,86,86,3,3,None
176,Kids TV - Nursery Rhymes And Baby Songs,Toys,28.9M,None,129.4K,129400000,269,269,0,0,None
177,That Little Puff,None,28.9M,United States,2.5M,2500000000,166.5K,166500000,609,609,None
178,Tilak,None,28.9M,India,10.6K,10600000,1.1K,1100000,11,11,None
179,Nick Jr.,Animation,28.8M,None,500.6K,500600000,1.1K,1100000,0,0,Toys
180,Marta and Rustam,None,28.8M,India,8.6M,8600000000,117.5K,117500000,54,54,None
181,Bounce Patrol - Kids Songs,Music & Dance,28.7M,None,436.6K,436600000,3K,3000000,0,0,None
182,D Billions,Music & Dance,28.7M,None,613.9K,613900000,359,359,0,0,Animation
183,JYP Entertainment,Music & Dance,28.6M,United States,403.1K,403100000,44K,44000000,1.5K,1500000,None
184,toycantando,Music & Dance,28.6M,None,182.9K,182900000,5.5K,5500000,0,0,Animation
185,Indosiar,Music & Dance,28.6M,Indonesia,40.6K,40600000,1.4K,1400000,39,39,Movies
186,tuzelity SHUFFLE,None,28.6M,India,1.7M,1700000000,60.7K,60700000,455,455,None
187,Sandeep Maheshwari,Music & Dance,28.6M,India,1.7M,1700000000,105.4K,105400000,9.2K,9200000,Animation
188,Sagawa /さがわ,None,28.4M,United States,541K,541000000,16.7K,16700000,93,93,None
189,Priyal Kukreja,Daily vlogs,28.4M,India,2.3M,2300000000,60.5K,60500000,276,276,None
190,Dangal TV Channel,None,28.4M,India,42.6K,42600000,1.1K,1100000,7,7,None
191,Ishaan Ali 11,Daily vlogs,28.2M,India,4.7M,4700000000,283.7K,283700000,480,480,None
192,Wiz Khalifa,Music & Dance,28.2M,United States,287.3K,287300000,13.3K,13300000,1K,1000000,Humor
193,Azhan5star,None,28M,India,440.5K,440500000,21.1K,21100000,111,111,None
194,Topper Guild,Animation,27.9M,United States,1.6M,1600000000,53.1K,53100000,669,669,Humor
195,The Lallantop,News & Politics,27.8M,India,36.6K,36600000,1.1K,1100000,34,34,None
196,Tsuriki Show,None,27.8M,India,235.1K,235100000,3.9K,3900000,7,7,None
197,Renato Garcia YT,Movies,27.8M,Brazil,886.5K,886500000,73.8K,73800000,1.6K,1600000,None
198,Netflix,Movies,27.7M,United States,109.1K,109100000,2.3K,2300000,174,174,Animation
199,Jason Derulo,Music & Dance,27.5M,United States,27.5K,27500000,958,958,19,19,None
200,Raffy Tulfo in Action,Travel,27.3M,Philippines,264K,264000000,3.6K,3600000,293,293,None
201,Yoeslan,None,27.2M,India,2.7M,2700000000,48.2K,48200000,81,81,None
202,BeatboxJCOP,None,27.2M,India,1.2M,1200000000,67.3K,67300000,307,307,None
203,America's Got Talent,Music & Dance,27.1M,United States,234.3K,234300000,6.3K,6300000,203,203,Movies
204,ABPLIVE,News & Politics,27M,India,2.8K,2800000,78,78,0,0,None
205,unknown boy varun,Music & Dance,27M,India,1.2M,1200000000,107.3K,107300000,126,126,None
206,Ami Rodriguez,Animation,27M,Colombia,79.5K,79500000,4.7K,4700000,278,278,Humor
207,Pokémon Asia Official (Hindi),None,26.9M,None,1.3M,1300000000,0,0,0,0,None
208,Zach King,Movies,26.9M,United States,3.5M,3500000000,169.5K,169500000,692,692,Humor
209,WB Kids,Movies,26.8M,None,41.5K,41500000,447,447,0,0,Animation
210,Diana and Roma HIN,Animation,26.8M,None,141.7K,141700000,441,441,0,0,Toys
211,WORLDSTARHIPHOP,Music & Dance,26.8M,United States,36.1K,36100000,922,922,115,115,None
212,Willie Salim,Movies,26.7M,Indonesia,3.3M,3300000000,0,0,4K,4000000,Humor
213,Nicki Minaj,Music & Dance,26.6M,United States,0,0,0,0,0,0,None
214,Smosh,Movies,26.6M,United States,345.2K,345200000,24.2K,24200000,173,173,Humor
215,Stokes Twins,Video games,26.4M,United States,6.9M,6900000000,122.3K,122300000,7.5K,7500000,Humor
216,Kids Channel India - Hindi Rhymes and Baby Songs,Music & Dance,26.4M,None,83.7K,83700000,345,345,0,0,None
217,Dan Rhodes,Movies,26.3M,United States,47.2K,47200000,2.2K,2200000,58,58,Humor
218,Marília Mendonça,Music & Dance,26.3M,Brazil,38.6K,38600000,3.8K,3800000,147,147,None
219,1MILLION Dance Studio,None,26.3M,India,26.1K,26100000,1.6K,1600000,14,14,None
220,Sun TV,None,26.3M,India,11.9K,11900000,328,328,1,1,None
221,David Guetta,Music & Dance,26.3M,Brazil,65.1K,65100000,4.9K,4900000,190,190,None
222,LosPolinesios,Music & Dance,26.3M,Mexico,6.5M,6500000000,285.1K,285100000,9.3K,9300000,Movies
223,Alan Becker,Animation,26.2M,United States,4M,4000000000,361.1K,361100000,4.9K,4900000,Video games
224,YOLO,Animation,26.1M,Mexico,744.9K,744900000,25.6K,25600000,1K,1000000,Humor
225,Pen Movies,Movies,26.1M,India,110.3K,110300000,1.9K,1900000,57,57,Animation
226,VanossGaming,Animation,25.9M,United States,939K,939000000,37.7K,37700000,665,665,Video games
227,Rans Entertainment,Movies,25.9M,Indonesia,365.5K,365500000,10.6K,10600000,291,291,Humor
228,Coldplay,Music & Dance,25.9M,United States,68K,68000000,8K,8000000,229,229,None
229,TRANS7 OFFICIAL,Movies,25.9M,Indonesia,4.5K,4500000,84,84,4,4,Humor
230,Diana and Roma ARA,Animation,25.9M,None,916K,916000000,4K,4000000,0,0,None
231,shfa show India,Daily vlogs,25.8M,None,1.6M,1600000000,8K,8000000,0,0,None
232,Preston,Video games,25.7M,United States,2.8M,2800000000,56.1K,56100000,736,736,Humor
233,dednahype,None,25.7M,United States,201.7K,201700000,4.4K,4400000,13,13,None
234,Chotanawab,None,25.5M,None,1.4M,1400000000,141.7K,141700000,887,887,None
235,Diana and Roma EN,Animation,25.5M,None,566.4K,566400000,1K,1000000,0,0,Toys
236,Goldmines Movies,None,25.5M,India,10.3K,10300000,124,124,3,3,None
237,Vania Mania Kids,Animation,25.4M,None,532K,532000000,475,475,0,0,Toys
238,Juan De Dios Pantoja,Music & Dance,25.4M,Mexico,2.8M,2800000000,176.7K,176700000,615,615,None
239,Zach Choi ASMR,Daily vlogs,25.4M,United States,144K,144000000,3K,3000000,156,156,None
240,Like Nastya AE,None,25.3M,None,383.7K,383700000,1.7K,1700000,0,0,None
241,WatchMojo.com,Movies,25.2M,United States,34.2K,34200000,996,996,151,151,Animation
242,FaZe Rug,Video games,25.1M,United States,2.9M,2900000000,69K,69000000,3.2K,3200000,Humor
243,Venus Entertainment,None,25.1M,India,6.5K,6500000,68,68,3,3,None
244,Karla Bustillos,None,25.1M,Mexico,3.9M,3900000000,200.3K,200300000,2K,2000000,None
245,Chloe Ting,Fitness,25.1M,United States,347.5K,347500000,10.1K,10100000,328,328,Health & Self Help
246,Ultra Movie Parlour,None,25.1M,India,18.6K,18600000,284,284,7,7,None
247,netd müzik,Music & Dance,24.9M,Turkey,6.2K,6200000,145,145,35,35,None
248,Peppa Pig Español Latino - Canal Oficial,Movies,24.9M,None,1.1M,1100000000,3.1K,3100000,0,0,Toys
249,1theK (원더케이),Music & Dance,24.7M,Indonesia,7.3K,7300000,83,83,32,32,None
250,Mr DegrEE,Music & Dance,24.6M,United States,2.8M,2800000000,76.6K,76600000,82,82,None
251,Kidibli (Kinder Spielzeug Kanal),Animation,24.5M,None,169.1K,169100000,3.2K,3200000,0,0,Toys
252,Sourav Joshi Vlogs,Daily vlogs,24.4M,India,4.8M,4800000000,273.5K,273500000,6.4K,6400000,None
253,Vlad and Niki ESP,None,24.4M,None,817K,817000000,2.4K,2400000,0,0,None
254,Rafa & Luiz,Movies,24.4M,Brazil,716.8K,716800000,28.6K,28600000,491,491,Animation
255,toyorbabytv,Music & Dance,24.4M,None,93.2K,93200000,0,0,0,0,None
256,Enrique Iglesias,Music & Dance,24.3M,United States,21.4K,21400000,1.9K,1900000,99,99,None
257,Ian Lucas,Movies,24.3M,Argentina,0,0,0,0,0,0,Humor
258,LIV Crime,None,24.3M,India,11.8K,11800000,303,303,16,16,None
259,Miss Katy,Video games,24.3M,Russia,788.4K,788400000,10.9K,10900000,697,697,Toys
260,Ben Azelart,Video games,24.2M,United States,4.2M,4200000000,42.2K,42200000,3.6K,3600000,Humor
261,Mister Max,Video games,24.2M,Russia,861.1K,861100000,17.8K,17800000,1.4K,1400000,None
262,Goldmines Cineplex,None,24.1M,India,7K,7000000,82,82,2,2,None
263,Bobby chourasiya,None,24.1M,India,2.6M,2600000000,146.1K,146100000,177,177,None
264,Vlad and Niki Arabic,Animation,24M,None,886.3K,886300000,3.9K,3900000,0,0,None
265,Troom Troom,Movies,23.9M,None,61.9K,61900000,1.1K,1100000,11,11,Animation
266,James Charles,Beauty,23.9M,United States,942.8K,942800000,35.3K,35300000,945,945,Fashion
267,BabyBus - Canciones Infantiles & Videos para Niños,Movies,23.9M,None,368.1K,368100000,1.1K,1100000,0,0,Animation
268,Wave Music Bhojpuri,Music & Dance,23.9M,India,8.5K,8500000,109,109,10,10,None
269,TED,None,23.9M,United States,49.2K,49200000,1.3K,1300000,101,101,None
270,SMOL,None,23.9M,India,111.7K,111700000,2.2K,2200000,4,4,None
271,Ninja,Animation,23.9M,United States,185.6K,185600000,6.1K,6100000,96,96,Video games
272,Vlad and Niki IDN,Music & Dance,23.9M,None,742.9K,742900000,1.8K,1800000,0,0,Movies
273,GMM GRAMMY OFFICIAL,Music & Dance,23.9M,Thailand,3.3K,3300000,117,117,3,3,None
274,Tina Pontes,Animation,23.8M,Brazil,83.2K,83200000,1.8K,1800000,0,0,None
275,DUDU e CAROL,None,23.8M,Brazil,1.7M,1700000000,30.1K,30100000,63,63,None
276,NickyJamTV,Music & Dance,23.8M,Colombia,15.6K,15600000,1.4K,1400000,62,62,Movies
277,Village Cooking Channel,None,23.7M,India,11.4M,11400000000,210.1K,210100000,3.8K,3800000,None
278,Like Nastya PRT,None,23.7M,None,364.1K,364100000,1.6K,1600000,0,0,None
279,Sesame Street,None,23.7M,None,420K,420000000,1.9K,1900000,0,0,None
280,Jelly,Animation,23.7M,United States,220.4K,220400000,9.4K,9400000,439,439,Video games
281,invictor,Animation,23.6M,Mexico,742.2K,742200000,27.5K,27500000,960,960,Video games
282,Ishtar Punjabi,Music & Dance,23.5M,India,12.3K,12300000,495,495,6,6,None
283,Technical Guruji,None,23.5M,India,212.5K,212500000,11.9K,11900000,588,588,None
284,Danny Fitt,Movies,23.4M,Mexico,1.8M,1800000000,48.1K,48100000,228,228,None
285,DrossRotzank,None,23.3M,Mexico,1.7M,1700000000,121.2K,121200000,5.1K,5100000,None
286,SSundee,Animation,23.3M,United States,1.5M,1500000000,39.4K,39400000,1.7K,1700000,Video games
287,The Royalty Family,Humor,23.2M,United States,10.1M,10100000000,258.1K,258100000,6.9K,6900000,None
288,Sia,Music & Dance,23.1M,United States,17.4K,17400000,1.3K,1300000,57,57,Movies
289,Netflix India,None,23.1M,India,45.1K,45100000,857,857,32,32,None
290,Dua Lipa,Music & Dance,23.1M,United States,270.8K,270800000,18.1K,18100000,656,656,None
291,Rotana,Music & Dance,23.1M,Saudi Arabia,237.7K,237700000,627,627,42,42,None
292,Disney Latinoamérica,Movies,22.9M,None,102.8K,102800000,483,483,0,0,Animation
293,FGTeeV,Movies,22.9M,United States,785.5K,785500000,8.4K,8400000,1.5K,1500000,Video games
294,mmoshaya,None,22.9M,Saudi Arabia,741.8K,741800000,6.2K,6200000,809,809,None
295,Pawan Sahu,None,22.9M,India,1M,1000000000,89.3K,89300000,808,808,None
296,ISSEI / いっせい,None,22.8M,India,1.1M,1100000000,24.8K,24800000,106,106,None
297,jaanvi patel,None,22.8M,India,3.4M,3400000000,118.2K,118200000,194,194,None
298,Vijay Television,None,22.8M,India,35.9K,35900000,620,620,9,9,None
299,IShowSpeed,Video games,22.7M,United States,1.3M,1300000000,60.4K,60400000,1.9K,1900000,Humor
300,Eva Bravo Play,Animation,22.7M,None,297.3K,297300000,1.1K,1100000,0,0,Toys
301,Tlnovelas,Music & Dance,22.7M,Mexico,3.5K,3500000,112,112,2,2,Animation
302,SOMOY TV,Daily vlogs,22.6M,Bangladesh,9K,9000000,221,221,4,4,None
303,Bayashi TV,None,22.6M,United States,1.8M,1800000000,125.3K,125300000,922,922,None
304,Khan GS Research Centre,Education,22.5M,India,0,0,0,0,0,0,None
305,National Geographic,None,22.5M,United States,45.3K,45300000,1.1K,1100000,36,36,None
306,Neetu Bisht,None,22.5M,India,1.5M,1500000000,86.5K,86500000,531,531,None
307,Infinite,Video games,22.3M,United States,703.4K,703400000,23K,23000000,871,871,Humor
308,GMA Public  Affairs,Movies,22.3M,Philippines,3.7K,3700000,119,119,1,1,Animation
309,Smile Family,Animation,22.3M,None,13.2K,13200000,58,58,0,0,Toys
310,Panda Shorts,None,22.1M,India,1M,1000000000,98.3K,98300000,202,202,None
311,Tekashi 6ix9ine,Music & Dance,22.1M,United States,243.4K,243400000,14.8K,14800000,1.4K,1400000,None
312,News18 India,News & Politics,22.1M,India,9.2K,9200000,174,174,3,3,None
313,Beast Philanthropy,Food & Drinks,22M,United States,12.9M,12900000000,888.7K,888700000,17.9K,17900000,None
314,7clouds,Music & Dance,22M,United States,41.1K,41100000,917,917,74,74,None
315,Sony AATH,Humor,21.9M,Bangladesh,205.8K,205800000,4K,4000000,165,165,None
316,Narendra Modi,News & Politics,21.9M,India,27.1K,27100000,1.6K,1600000,149,149,None
317,Unbox Therapy,Design/art,21.9M,United States,522.4K,522400000,11.8K,11800000,181,181,None
318,Deddy Corbuzier,None,21.9M,Indonesia,2.8M,2800000000,49K,49000000,10K,10000000,None
319,deepesh zo,None,21.8M,India,560.2K,560200000,39.6K,39600000,90,90,None
320,Kurzgesagt – In a Nutshell,Education,21.8M,United States,698.8K,698800000,66.4K,66400000,759,759,None
321,Becky G,Music & Dance,21.8M,United States,142.5K,142500000,6K,6000000,208,208,None
322,Jake Fellman,None,21.8M,United States,143.1K,143100000,9.2K,9200000,56,56,None
323,Koray Zeynep,Daily vlogs,21.7M,Turkey,355.7K,355700000,9.2K,9200000,26,26,None
324,Lyrical Lemonade,Music & Dance,21.7M,United States,1.3M,1300000000,44.8K,44800000,1.9K,1900000,Animation
325,Bizarrap,None,21.7M,Argentina,44.5M,44500000000,1.5M,1500000000,66K,66000000,None
326,MaviGadget,None,21.7M,United States,195.2K,195200000,4K,4000000,19,19,None
327,हिंदी - Genevieve's Playhouse,Education,21.7M,None,378.1K,378100000,1.7K,1700000,0,0,None
328,BabyBus - Cerita & Lagu Anak-anak,Movies,21.7M,None,351.9K,351900000,703,703,0,0,Humor
329,Anaya Kandhal,None,21.6M,India,6.4M,6400000000,92.2K,92200000,100,100,None
330,Kiddiestv Hindi - Nursery Rhymes & Kids Songs,Education,21.6M,None,22.3K,22300000,56,56,0,0,None
331,Fatos Desconhecidos,Animation,21.6M,Brazil,88.6K,88600000,8.4K,8400000,373,373,None
332,LazarBeam,Animation,21.5M,United States,0,0,0,0,0,0,Video games
333,Celine Dept,None,21.4M,United States,3.2M,3200000000,200.8K,200800000,487,487,None
334,ViralHog,Toys,21.4M,United States,41.3K,41300000,1.3K,1300000,15,15,None
335,Filaretiki,None,21.4M,India,275.8K,275800000,7.9K,7900000,30,30,None
336,Goldmines Great Indian Comedy,None,21.4M,India,6.9K,6900000,49,49,2,2,None
337,RKD Studios,None,21.4M,India,103K,103000000,3.6K,3600000,90,90,None
338,Dr. Vivek Bindra: Motivational Speaker,Education,21.4M,India,62.7K,62700000,2.8K,2800000,17,17,None
339,Baim Paula,Music & Dance,21.3M,Indonesia,265K,265000000,7.9K,7900000,626,626,Movies
340,NBA,Sports,21.3M,United States,59.8K,59800000,1.5K,1500000,101,101,None
341,طارق الحلبي tarik alhalapi,None,21.3M,Turkey,911.2K,911200000,20.7K,20700000,68,68,None
342,Brave Wilderness,None,21.3M,United States,358.5K,358500000,8.9K,8900000,516,516,None
343,Tasty,Food & Drinks,21.3M,United States,45.3K,45300000,1.7K,1700000,15,15,None
344,Wow Kidz Action,None,21.3M,None,72.6K,72600000,442,442,0,0,None
345,_vector_,None,21.3M,United States,15.3M,15300000000,812.1K,812100000,1.4K,1400000,None
346,MiawAug,Animation,21.3M,Indonesia,556.2K,556200000,25.4K,25400000,1.1K,1100000,Toys
347,Ajay Sharma,None,21.3M,India,446.2K,446200000,18.7K,18700000,27,27,None
348,Triggered Insaan,Humor,21.2M,India,6.1M,6100000000,450.5K,450500000,19K,19000000,None
349,DeGoBooM,Movies,21.2M,Mexico,208.6K,208600000,4.4K,4400000,336,336,Animation
350,Linkin Park,Music & Dance,21.1M,United States,31K,31000000,3.8K,3800000,210,210,None
351,DeGoBooM,Movies,21.2M,Mexico,208.6K,208600000,4.4K,4400000,336,336,Animation
352,Linkin Park,Music & Dance,21.1M,United States,31K,31000000,3.8K,3800000,210,210,None
353,Emiway Bantai,Music & Dance,21.1M,India,881.9K,881900000,104.1K,104100000,1.5K,1500000,None
354,CookieSwirlC,Video games,21.1M,United States,181.7K,181700000,2.1K,2100000,344,344,None
355,Vsauce,Science & Technology,21.1M,United States,3.7M,3700000000,348.6K,348600000,4.9K,4900000,None
356,Younes Zarou,None,20.9M,India,227.9K,227900000,9.4K,9400000,42,42,None
357,Sidemen,Video games,20.9M,United Kingdom,11.6M,11600000000,449.3K,449300000,8.8K,8800000,Humor
358,Republic Bharat,News & Politics,20.8M,India,6.9K,6900000,0,0,3,3,None
359,Susy Mouriz,None,20.8M,Mexico,2.9M,2900000000,225.4K,225400000,2.3K,2300000,None
360,Mnet K-POP,None,20.8M,United States,24K,24000000,743,743,115,115,None
361,SlivkiShow,Video games,20.7M,Russia,2.1M,2100000000,97.4K,97400000,2.9K,2900000,None
362,Aja Kitchen,None,20.7M,None,197.1K,197100000,6.8K,6800000,34,34,None
363,BigSchool,Animation,20.7M,United States,192.5K,192500000,17K,17000000,57,57,Video games
364,Gusttavo Lima Oficial,Music & Dance,20.7M,Brazil,22.6K,22600000,2.8K,2800000,96,96,None
365,Got Talent Global,None,20.7M,United States,37.8K,37800000,373,373,12,12,None
366,Robin Hood Gamer,Animation,20.7M,Brazil,494.7K,494700000,20.4K,20400000,710,710,Video games
367,Busy Fun Ltd,Animation,20.7M,India,2.9M,2900000000,9.3K,9300000,177,177,Humor
368,Noor Stars,Movies,20.7M,Iraq,1.9M,1900000000,76.4K,76400000,5.2K,5200000,Humor
369,Official Pink Panther,Movies,20.6M,None,597.7K,597700000,3.3K,3300000,0,0,Animation
370,5-Minute Crafts DIY,Music & Dance,20.6M,India,9K,9000000,72,72,3,3,None
371,Jake Paul,Fitness,20.5M,United States,68.2K,68200000,2.8K,2800000,51,51,None
372,Dhar Mann Studios,Health & Self Help,20.5M,United States,3.2M,3200000000,70.6K,70600000,595,595,None
373,Green Gold TV - Official Channel,None,20.5M,None,118.5K,118500000,1.2K,1200000,0,0,None
374,Gordon Ramsay,Food & Drinks,20.5M,United States,133.7K,133700000,3.5K,3500000,124,124,Health & Self Help
375,Bispo Bruno Leonardo,Music & Dance,20.4M,Brazil,936.3K,936300000,320.5K,320500000,235K,235000000,None
376,How Ridiculous,Video games,20.4M,United States,0,0,0,0,0,0,None
377,SCTV,Music & Dance,20.3M,Indonesia,12.3K,12300000,243,243,9,9,Movies
378,etvteluguindia,None,20.3M,India,15.7K,15700000,294,294,1,1,None
379,FIFA,Sports,20.3M,United States,80.8K,80800000,2.3K,2300000,62,62,None
380,Marvel Entertainment,Movies,20.3M,United States,76.6K,76600000,4K,4000000,300,300,Animation
381,And TV,None,20.3M,India,5.4K,5400000,224,224,0,0,None
382,5-Minute Crafts PLAY,Movies,20.3M,India,12.1K,12100000,100,100,4,4,None
383,DLS News,Music & Dance,20.2M,India,63.5K,63500000,2.2K,2200000,93,93,None
384,Chapitosiki,None,20.2M,Russia,272.2K,272200000,6.9K,6900000,23,23,None
385,Clash of Clans,Movies,20.2M,United States,140.9K,140900000,13.3K,13300000,504,504,Animation
386,AS Gaming,None,20.2M,India,191.9K,191900000,9.2K,9200000,734,734,None
387,Britain's Got Talent,Music & Dance,20.1M,United Kingdom,27.9K,27900000,561,561,20,20,Movies
388,AuthenticGames,Animation,20.1M,Brazil,55.3K,55300000,4.5K,4500000,765,765,Video games
389,Plim Plim - Kids Songs & Episodes - Spanish,Music & Dance,20.1M,None,670.5K,670500000,0,0,0,0,None
390,CuRe 구래,None,20.1M,Indonesia,6.3M,6300000000,350K,350000000,2.2K,2200000,None
391,شبكة العاب العرب | Arab Games Network,None,20.1M,Algeria,191K,191000000,10.2K,10200000,579,579,None
392,Taarak Mehta Ka Ooltah Chashmah,None,20.1M,India,54.2K,54200000,3.6K,3600000,19,19,None
393,Pencilmation,Animation,20.1M,United States,33.9K,33900000,698,698,35,35,Humor
394,Vevo,Music & Dance,20.1M,United States,5.5K,5500000,161,161,1,1,None
395,Masha e o Urso,None,20.1M,None,313.9K,313900000,1.7K,1700000,0,0,None
396,Smile Family Spanish,Animation,20.1M,None,244.5K,244500000,493,493,0,0,Toys
397,SUPER SLICK SLIME SAM,None,20.1M,Mexico,165.7K,165700000,3.1K,3100000,0,0,None
398,BuzzFeedVideo,Food & Drinks,20.1M,United States,15.5K,15500000,516,516,20,20,None
399,Troom Troom Es,None,20.1M,Mexico,68.5K,68500000,1.7K,1700000,31,31,None
400,REACT,Humor,20M,United States,155.3K,155300000,6.1K,6100000,363,363,None
401,Naisa Alifia Yuriza (N.A.Y),Music & Dance,20M,Indonesia,99.3K,99300000,2.2K,2200000,29,29,Movies
402,tabii Urdu,None,19.9M,Pakistan,19.3K,19300000,587,587,23,23,None
403,XO TEAM,None,19.8M,United States,122.7K,122700000,6.1K,6100000,44,44,None
404,HaerteTest,None,19.7M,India,18.2K,18200000,71,71,1,1,None
405,Shemaroo Comedy,None,19.7M,India,14.7K,14700000,144,144,4,4,None
406,Pink Shirt Couple,None,19.7M,United States,1.2M,1200000000,63.5K,63500000,984,984,None
407,Noman Official,None,19.7M,India,1M,1000000000,81.6K,81600000,275,275,None
408,Caín Guzmán,Movies,19.7M,Mexico,559.1K,559100000,23.4K,23400000,42,42,Animation
409,Rubén Tuesta oficial,None,19.7M,Argentina,4.4M,4400000000,391.5K,391500000,1.4K,1400000,None
410,Crafty Panda,Movies,19.7M,India,15.7K,15700000,128,128,5,5,None
411,MSA previously My Story Animated,Animation,19.6M,United States,3.4M,3400000000,86.7K,86700000,2.6K,2600000,Humor
412,Like Nastya Vlog,Toys,19.6M,None,521.9K,521900000,1.3K,1300000,0,0,None
413,Sonotek,Music & Dance,19.6M,India,9.4K,9400000,237,237,23,23,Animation
414,TED-Ed,Science & Technology,19.5M,United States,279.6K,279600000,9.8K,9800000,369,369,None
415,Turma da Mônica,None,19.5M,None,153.1K,153100000,4.6K,4600000,0,0,None
416,TheOdd1sOut,Movies,19.5M,United States,0,0,0,0,0,0,Animation
417,KBS WORLD TV,None,19.5M,Indonesia,7.2K,7200000,464,464,9,9,None
418,Prime Video India,Movies,19.5M,India,17.3K,17300000,576,576,6,6,Animation
419,Познаватель,DIY & Life Hacks,19.5M,Russia,0,0,0,0,0,0,Toys
420,Heidi & Zidane बच्चों की कहानियाँ,Daily vlogs,19.5M,None,33.2K,33200000,122,122,0,0,None
421,Salman Noman,None,19.4M,India,392.5K,392500000,28.7K,28700000,74,74,None
422,Aphmau,Movies,19.4M,United States,1.9M,1900000000,45.2K,45200000,2.1K,2100000,Animation
423,ILYA BORZOV,None,19.4M,India,459.2K,459200000,18.8K,18800000,45,45,None
424,Grammy Gold Official,Music & Dance,19.4M,Thailand,6.7K,6700000,184,184,4,4,None
425,Little Angel Español - Canciones Infantiles,Animation,19.4M,None,115.1K,115100000,246,246,0,0,None
426,Blippi - Educational Videos for Kids,Education,19.3M,None,695.4K,695400000,1.7K,1700000,0,0,Toys
427,HiMan,Video games,19.3M,Russia,606.6K,606600000,23.5K,23500000,1K,1000000,None
428,Mariano Razo,None,19.3M,Mexico,4M,4000000000,264.2K,264200000,988,988,None
429,Jimmy Kimmel Live,Movies,19.3M,United States,190.5K,190500000,3.7K,3700000,270,270,Humor
430,Nick Pro,Movies,19.3M,United States,3.4M,3400000000,61.5K,61500000,177,177,None
431,Farruko,Music & Dance,19.3M,United States,46.9K,46900000,1.7K,1700000,76,76,None
432,SonyMusicSouthVEVO,Music & Dance,19.3M,None,11.9K,11900000,299,299,16,16,None
433,Lil Nas X,Music & Dance,19.2M,United States,203.1K,203100000,11.5K,11500000,596,596,None
434,Yudist Ardhana,Movies,19.1M,Indonesia,295.3K,295300000,8.4K,8400000,82,82,None
435,ZappyToons - Hindi Nursery Rhymes and Stories,Education,19M,None,132.5K,132500000,745,745,0,0,None
436,the Ludo facts,None,18.9M,None,406.3K,406300000,0,0,6,6,None
437,seungbini shorts,None,18.9M,United States,5.1M,5100000000,130.9K,130900000,1.1K,1100000,None
438,The Game Theorists,Movies,18.9M,United States,3.1M,3100000000,222.9K,222900000,22K,22000000,None
439,RsiamMusic : อาร์สยาม,Music & Dance,18.9M,Thailand,4.2K,4200000,68,68,4,4,None
440,Fun For Kids TV - Hindi Rhymes,None,18.9M,None,0,0,0,0,0,0,None
441,Marmok,Animation,18.9M,Russia,3M,3000000000,385.5K,385500000,16K,16000000,Video games
442,Ali-A,Animation,18.9M,United States,473.9K,473900000,10.8K,10800000,389,389,Video games
443,AMARINTV : อมรินทร์ทีวี,News & Politics,18.8M,Thailand,11.8K,11800000,164,164,4,4,None
444,ANNA KOVA,None,18.8M,None,243.4K,243400000,4.5K,4500000,4,4,None
445,Like Nastya VNM,Movies,18.8M,None,303.5K,303500000,0,0,0,0,None
446,Apple,Music & Dance,18.8M,None,1.4M,1400000000,42.5K,42500000,0,0,Animation
447,News 24,Music & Dance,18.7M,India,4.5K,4500000,100,100,2,2,Animation
448,SQUEEZIE,None,18.7M,France,441.3K,441300000,27.8K,27800000,55,55,None
449,ArianaGrandeVevo,Music & Dance,18.7M,United States,4.8M,4800000000,390.5K,390500000,39K,39000000,Humor
450,Dan-Sa / Daniel Saboya,Music & Dance,18.7M,Brazil,18.2K,18200000,584,584,7,7,None
451,Good Mythical Morning,Food & Drinks,18.7M,United States,717.7K,717700000,26.9K,26900000,697,697,None
452,Les' Copaque Production,None,18.7M,Indonesia,75K,75000000,1.6K,1600000,0,0,None
453,Jordan Matter,Music & Dance,18.6M,United States,6.7M,6700000000,69.3K,69300000,10K,10000000,Humor
454,Ravi sagar88,None,18.6M,India,1.1M,1100000000,43.9K,43900000,262,262,None
455,GEN HALILINTAR,Music & Dance,18.5M,Indonesia,1.1M,1100000000,22.6K,22600000,91,91,Humor
456,zbing z.,None,18.5M,Thailand,432.4K,432400000,12.3K,12300000,568,568,None
457,KatieAngel,Movies,18.5M,Mexico,72.3K,72300000,5K,5000000,81,81,Animation
458,Johny FamilyShow,Animation,18.5M,None,118.9K,118900000,2.1K,2100000,0,0,Toys
459,Jason Vlogs,Toys,18.5M,None,451.5K,451500000,865,865,0,0,Autos & Vehicles
460,Zuni and Family,Daily vlogs,18.5M,None,219.8K,219800000,250,250,0,0,None
461,MissaSinfonia,Animation,18.5M,Mexico,0,0,0,0,0,0,Humor
462,tanboy kun,Music & Dance,18.5M,Indonesia,1M,1000000000,21.8K,21800000,1.3K,1300000,None
463,TheWillyrex,Movies,18.4M,Spain,54.9K,54900000,4.6K,4600000,11,11,Animation
464,Manual do Mundo,Science & Technology,18.4M,Brazil,410.6K,410600000,44.9K,44900000,378,378,None
465,Soy Suco,None,18.4M,Peru,5.7M,5700000000,441.9K,441900000,7.7K,7700000,None
466,Natan por Aí,None,18.4M,Brazil,1M,1000000000,35.7K,35700000,142,142,None
467,INCRÍVEL,None,18.3M,None,7.7K,7700000,375,375,11,11,None
468,Sebastián Yatra,Music & Dance,18.3M,Colombia,367.1K,367100000,16.2K,16200000,690,690,None
469,Marques Brownlee,Science & Technology,18.3M,United States,4.6M,4600000000,178.7K,178700000,8.8K,8800000,None
470,sagar kalra (Shorts),Daily vlogs,18.3M,India,503.3K,503300000,11.5K,11500000,24,24,None
471,TheGrefg,Movies,18.3M,Spain,499.3K,499300000,27.3K,27300000,575,575,Video games
472,RobleisIUTU,Movies,18.3M,Argentina,292.8K,292800000,24.9K,24900000,332,332,Animation
473,The geeta gurjar,None,18.2M,India,1.5M,1500000000,25.6K,25600000,24,24,None
474,Disney Junior,None,18.2M,None,165.5K,165500000,425,425,0,0,None
475,LuisFonsiVEVO,Music & Dance,18.2M,Peru,1.5M,1500000000,30.5K,30500000,1.6K,1600000,None
476,TV9 Bharatvarsh,News & Politics,18.1M,India,5.1K,5100000,105,105,1,1,None
477,Chuster,Video games,18.1M,Spain,2M,2000000000,90K,90000000,187,187,None
478,What's Idea,None,18.1M,None,118.8K,118800000,3.1K,3100000,9,9,None
479,El Reino a Jugar,Education,18M,None,478K,478000000,729,729,0,0,Toys
480,ГЛЕНТ,Animation,18M,Russia,1.7M,1700000000,94.3K,94300000,2K,2000000,Video games
481,Vijay Kumar Viner Vlogs,None,17.9M,India,71.5K,71500000,1.9K,1900000,6,6,None
482,MoreAliA,Animation,17.9M,United States,403.4K,403400000,5.6K,5600000,264,264,Video games
483,VICE,News & Politics,17.9M,United States,84.7K,84700000,2.3K,2300000,102,102,None
484,Porta dos Fundos,Movies,17.9M,Brazil,177.1K,177100000,14.2K,14200000,159,159,Animation
485,IGN,None,17.9M,United States,52.9K,52900000,1.3K,1300000,89,89,None
486,Jesser,Video games,17.9M,United States,517,517,127,127,11,11,Humor
487,Mrwhosetheboss,None,17.9M,United States,3.7M,3700000000,235.2K,235200000,1.7K,1700000,None
488,Justin Flom,Movies,17.9M,United States,432.3K,432300000,12.6K,12600000,86,86,Humor
489,Bollywood Classics,Music & Dance,17.9M,India,26.1K,26100000,222,222,5,5,None
490,MGC Playhouse,Toys,17.9M,None,44.6K,44600000,19,19,0,0,Autos & Vehicles
491,Jane ASMR 제인,Daily vlogs,17.8M,Indonesia,128.6K,128600000,2.4K,2400000,169,169,None
492,SriBalajiMovies,Movies,17.8M,India,5.1K,5100000,132,132,0,0,None
493,Pop Chartbusters,Music & Dance,17.8M,India,10.6K,10600000,144,144,7,7,None
494,Infobells Bangla,Education,17.7M,None,150.3K,150300000,379,379,0,0,None
495,La Rosa de Guadalupe,Music & Dance,17.7M,Mexico,72.1K,72100000,1.4K,1400000,27,27,Animation
496,BBC News Hindi,News & Politics,17.7M,India,75.8K,75800000,0,0,172,172,None
497,Like Nastya IDN,Music & Dance,17.7M,None,488.8K,488800000,0,0,0,0,Movies
498,Travis Scott,Music & Dance,17.7M,United States,6M,6000000000,312K,312000000,10.1K,10100000,None
499,الـريماس - Al-Remas,Music & Dance,17.7M,Iraq,19.7K,19700000,811,811,66,66,None
500,NMF News,News & Politics,17.7M,India,6.8K,6800000,204,204,5,5,None
501,FactTechz,Movies,17.7M,India,567.8K,567800000,39.6K,39600000,2.1K,2100000,Animation
502,TheBrianMaps,Video games,17.7M,Russia,3.7M,3700000000,294.1K,294100000,11K,11000000,Humor
503,Daily Dose Of Internet,Humor,17.6M,United States,3.3M,3300000000,164.4K,164400000,4.1K,4100000,None
504,boxtoxtv,None,17.6M,India,801.9K,801900000,25.9K,25900000,56,56,None
505,JFlaMusic,Music & Dance,17.6M,South Korea,152.3K,152300000,8.2K,8200000,626,626,None
506,Anitta,Music & Dance,17.6M,Brazil,180.9K,180900000,10.5K,10500000,635,635,None
507,TRANS TV Official,Movies,17.6M,Indonesia,584,584,6,6,1,1,None
508,Gato Galactico,Animation,17.6M,Brazil,55.6K,55600000,1.4K,1400000,0,0,None
509,Mazhavil Manorama,None,17.6M,India,9.1K,9100000,206,206,1,1,None
510,UFC,Sports,17.5M,United States,117K,117000000,2.3K,2300000,231,231,None
511,Filmy Suraj Actor,None,17.5M,None,14.2M,14200000000,659.6K,659600000,779,779,None
512,Lahari Music - TSeries,Music & Dance,17.5M,India,6.9K,6900000,285,285,2,2,None
513,Colors Rishtey,None,17.5M,India,7K,7000000,451,451,1,1,None
514,Go Ami Go!,Daily vlogs,17.5M,Colombia,0,0,0,0,0,0,None
515,Ivana Alawi,Movies,17.4M,Philippines,2.6M,2600000000,73.9K,73900000,3.2K,3200000,Humor
516,Sony LIV,None,17.4M,India,5.2K,5200000,150,150,2,2,None
517,Queen Official,Music & Dance,17.4M,United States,60.6K,60600000,4K,4000000,165,165,Movies
518,GH'S,None,17.4M,United States,5.1M,5100000000,202.4K,202400000,746,746,None
519,Supercar Blondie,Animation,17.4M,United States,519.3K,519300000,16.3K,16300000,267,267,None
520,Mau McMahon,None,17.4M,Mexico,2.7M,2700000000,165.7K,165700000,1.6K,1600000,None
521,With Kids[위드키즈],Animation,17.4M,United States,63.2K,63200000,0,0,0,0,Toys
522,Thairath Online,News & Politics,17.4M,Thailand,12.9K,12900000,169,169,7,7,None
523,Aayu and Pihu Show,Movies,17.4M,India,2.6M,2600000000,37.1K,37100000,4.1K,4100000,Humor
524,LEGO,Animation,17.3M,United States,47.8K,47800000,1.2K,1200000,0,0,None
525,Hasan Tarhan,None,17.3M,Iran,357K,357000000,6K,6000000,9,9,None
526,Stubborn Facts,None,17.3M,India,101.8K,101800000,1.3K,1300000,99,99,None
527,A2 Motivation by Arvind Arora,None,17.2M,India,1M,1000000000,124.4K,124400000,598,598,None
528,Lyna,Animation,17.2M,Argentina,311.7K,311700000,11K,11000000,1.2K,1200000,Video games
529,Katakit Baby TV,Music & Dance,17.2M,Saudi Arabia,271.2K,271200000,1.8K,1800000,0,0,None
530,GMMTV OFFICIAL​​,Music & Dance,17.2M,Thailand,23.4K,23400000,758,758,28,28,Movies
531,scottsreality,None,17.2M,United States,1.6M,1600000000,40.7K,40700000,333,333,None
532,Willyrex,Movies,17.2M,Mexico,88.5K,88500000,7K,7000000,42,42,Animation
533,Ch7HD,None,17.2M,Thailand,2.6K,2600000,75,75,1,1,None
534,Prajapati News,None,17.2M,India,15.1K,15100000,869,869,81,81,None
535,Cheri's World,Daily vlogs,17.2M,India,1.1M,1100000000,60.1K,60100000,97,97,None
536,Dear Sir,Education,17.1M,India,260.4K,260400000,20.9K,20900000,578,578,None
537,albert_cancook,None,17.1M,United States,4.9M,4900000000,391.6K,391600000,1.8K,1800000,None
538,T-Series Hamaar Bhojpuri,Music & Dance,17.1M,India,8.8K,8800000,298,298,8,8,None
539,Peet Montzingo,Daily vlogs,17.1M,United States,2.5M,2500000000,0,0,2.6K,2600000,None
540,Painzeiro,Daily vlogs,17.1M,Brazil,288.4K,288400000,6.5K,6500000,291,291,None
541,Juliana Baltar,Animation,17M,Brazil,281.3K,281300000,10.8K,10800000,257,257,None
542,Vlad and Niki ARA,Animation,17M,None,157.4K,157400000,549,549,0,0,None
543,Unspeakable,Animation,16.9M,United States,1M,1000000000,28.9K,28900000,336,336,Video games
544,RCTI - LAYAR DRAMA INDONESIA,Music & Dance,16.9M,Indonesia,931.5,931.5,29,29,0,0,Movies
545,FailArmy,Animation,16.8M,United States,1.3M,1300000000,16.2K,16200000,510,510,Humor
546,Spider VAMBI / ヴァンビ,None,16.8M,Japan,547.5K,547500000,10K,10000000,23,23,None
547,The Vishal bhatt,None,16.8M,India,365.7K,365700000,22.6K,22600000,46,46,None
548,Sony Music South,Music & Dance,16.8M,India,162.6K,162600000,601,601,66,66,Movies
549,Arif muhammad,Music & Dance,16.8M,Indonesia,3.6M,3600000000,65.1K,65100000,1.7K,1700000,Movies
550,Tu COSMOPOLIS,News & Politics,16.8M,Mexico,31.6K,31600000,2.3K,2300000,152,152,None
551,TWICE,Music & Dance,16.8M,Philippines,476.1K,476100000,72.4K,72400000,587,587,Movies
552,ماشا و الدب,None,16.8M,None,241.6K,241600000,3.5K,3500000,0,0,None
553,EeOneGuy,None,16.7M,Russia,504.1K,504100000,16.2K,16200000,4.3K,4300000,None
554,T3ddy,Animation,16.7M,Brazil,516.4K,516400000,59.5K,59500000,1.7K,1700000,Humor
555,DEV Ke Facts,None,16.7M,India,1.2M,1200000000,37.9K,37900000,48,48,None
556,Amara Que Linda,Daily vlogs,16.7M,Colombia,377.4K,377400000,15.4K,15400000,85,85,None
557,Jennifer Lopez,Music & Dance,16.7M,None,111.3K,111300000,6.4K,6400000,238,238,Movies
558,MK MUSIC,Music & Dance,16.6M,Brazil,6.5K,6500000,639,639,15,15,None
559,IDEAS EN 5 MINUTOS,Movies,16.6M,Mexico,45.1K,45100000,187,187,3,3,None
560,Pitbull,Music & Dance,16.6M,United States,19.4K,19400000,979,979,31,31,Movies
561,Kaykai Salaider,Movies,16.6M,Thailand,0,0,0,0,0,0,Humor
562,MY FAMILY,Animation,16.6M,India,1.2M,1200000000,4.1K,4100000,68,68,Humor
563,La Granja del Borrego,None,16.6M,Colombia,2.2M,2200000000,220.8K,220800000,1.8K,1800000,None
564,Sujal Thakral,None,16.6M,India,2M,2000000000,72.6K,72600000,165,165,None
565,Vilmei,None,16.6M,Indonesia,415.4K,415400000,0,0,453,453,None
566,Ray William Johnson,Animation,16.6M,United States,1M,1000000000,54.8K,54800000,822,822,Humor
567,Boyce Avenue,Music & Dance,16.6M,Brazil,101.9K,101900000,1.8K,1800000,75,75,None
568,FC Barcelona,Sports,16.5M,United States,135.7K,135700000,11.5K,11500000,240,240,None
569,The MriDul,None,16.5M,India,216.3K,216300000,8.2K,8200000,213,213,None
570,HUBA후바,None,16.5M,United States,630.6K,630600000,25.1K,25100000,114,114,None
571,Eli Kids - Cartoons & Songs,Music & Dance,16.5M,None,109K,109000000,2.1K,2100000,0,0,None
572,FitDance,Music & Dance,16.5M,None,32.8K,32800000,974,974,12,12,None
573,Bebefinn - Nursery Rhymes & Kids Songs,None,16.5M,Philippines,1M,1000000000,4K,4000000,0,0,None
574,Antrax,Animation,16.5M,Mexico,0,0,0,0,0,0,None
575,AdMe,Animation,16.5M,Russia,19.1K,19100000,392,392,24,24,None
576,Kids Play,Animation,16.5M,None,20.3K,20300000,104,104,0,0,Toys
577,Sandra Cires Art,None,16.4M,Colombia,187.4K,187400000,10K,10000000,590,590,None
578,Jamuna TV,News & Politics,16.4M,Bangladesh,33.3K,33300000,626,626,30,30,None
579,SEVENGERS,None,16.4M,India,3M,3000000000,287.4K,287400000,560,560,None
580,Matheus Kriwat,None,16.4M,Brazil,461.2K,461200000,29.1K,29100000,589,589,None
581,Kuplinov ► Play,Animation,16.4M,Russia,1.2M,1200000000,84.4K,84400000,1.5K,1500000,Video games
582,Matt Stonie,Food & Drinks,16.4M,United States,1.2M,1200000000,52.9K,52900000,2.2K,2200000,None
583,JJ Olatunji,None,16.4M,United States,112.5K,112500000,2.4K,2400000,150,150,None
584,Kashvi Adlakha,None,16.4M,India,82.7K,82700000,2.2K,2200000,16,16,None
585,Blippi Español,None,16.4M,None,345.2K,345200000,930,930,0,0,None
586,KOMPASTV,News & Politics,16.4M,Indonesia,3.8K,3800000,29,29,16,16,None
587,GuiGe,None,16.3M,India,86.5K,86500000,2.5K,2500000,4,4,None
588,Dyland PROS,Movies,16.3M,Indonesia,24.2K,24200000,1.3K,1300000,62,62,Animation
589,Volga Video,Movies,16.2M,India,3.1K,3100000,27,27,1,1,Humor
590,Team Films Bhojpuri,Music & Dance,16.2M,India,8.2K,8200000,185,185,23,23,None
591,SRK MUSIC,Music & Dance,16.2M,India,180.7K,180700000,5.8K,5800000,190,190,None
592,StudyIQ IAS,News & Politics,16.2M,India,12.1K,12100000,566,566,14,14,None
593,DEV Ke Experiment,None,16.2M,None,1.6M,1600000000,31.9K,31900000,16,16,None
594,Camilo,Music & Dance,16.2M,Colombia,54K,54000000,3.7K,3700000,63,63,None
595,5-Minute Crafts FAMILY,None,16.1M,India,6.3K,6300000,68,68,2,2,None
596,Adam W,Animation,16.1M,United States,1.9M,1900000000,116.6K,116600000,487,487,Humor
597,THE BROWN SIBLINGS,None,16.1M,India,609.8K,609800000,37.8K,37800000,78,78,None
598,BROTHERS VLOG,None,16.1M,India,715.8K,715800000,0,0,10,10,None
599,Sanjoy Das Official,None,16.1M,India,649.4K,649400000,44.1K,44100000,52,52,None
600,RS 1313 SHORTS,None,16.1M,India,8K,8000000,45,45,6,6,None
601,Ian Boggs,Movies,16M,United States,1.2M,1200000000,72.6K,72600000,560,560,Humor
602,PowerfulJRE,Daily vlogs,16M,United States,680.2K,680200000,13K,13000000,1.4K,1400000,None
603,Cute.Shivani.05,None,16M,India,1.5M,1500000000,144.4K,144400000,786,786,None
604,Arman Ki Tamanna,None,16M,None,54.3K,54300000,2.8K,2800000,312,312,None
605,BEN EAGLE,None,16M,Vietnam,164.3K,164300000,6K,6000000,30,30,None
606,Linh Nhi Shorts,None,16M,United States,232.3K,232300000,4.8K,4800000,3,3,None
607,Luis Méndez,None,16M,Mexico,217.2K,217200000,25.6K,25600000,220,220,None
608,AlJazeera Arabic  قناة الجزيرة,News & Politics,16M,Morocco,12.8K,12800000,452,452,33,33,None
609,wifistudy by Unacademy,Education,16M,India,2.6K,2600000,78,78,4,4,None
610,Vlad y Niki Show,None,16M,None,711K,711000000,1.7K,1700000,0,0,None
611,Mobile Legends: Bang Bang,Animation,16M,Indonesia,97.6K,97600000,3.9K,3900000,351,351,Video games
612,Dr Ryan,None,15.9M,United States,294.3K,294300000,10K,10000000,134,134,None
613,"Ravindra Bharti - Social, Business & Life",None,15.9M,None,4.1K,4100000,129,129,0,0,None
614,CNN,Music & Dance,15.9M,United States,102.6K,102600000,1.8K,1800000,1K,1000000,Animation
615,Netflix Jr.,Animation,15.9M,None,104.8K,104800000,150,150,0,0,Humor
616,حِرف إبداعية في 5 دقائق,Movies,15.8M,Egypt,28.8K,28800000,112,112,5,5,None
617,MNCTV OFFICIAL,Music & Dance,15.8M,Indonesia,825,825,26,26,0,0,Movies
618,Henrique e Juliano,Music & Dance,15.8M,Brazil,514.8K,514800000,8.6K,8600000,223,223,None
619,ABC News,News & Politics,15.8M,United States,26.2K,26200000,468,468,47,47,None
620,Rotten Tomatoes Trailers,Movies,15.8M,United States,27.7K,27700000,466,466,53,53,Animation
621,Zee Bangla,None,15.8M,India,4.9K,4900000,134,134,0,0,None
622,JT Casey,Animation,15.8M,United States,174.9K,174900000,9.6K,9600000,188,188,Humor
623,NDTV India,News & Politics,15.8M,India,5.1K,5100000,95,95,2,2,None
624,Dental Digest,None,15.8M,United States,442.8K,442800000,19.5K,19500000,182,182,None
625,Влад и Никита,Toys,15.8M,None,1.2M,1200000000,2.8K,2800000,0,0,None
626,Mis Pastelitos,Food & Drinks,15.8M,Mexico,978.4K,978400000,49.3K,49300000,640,640,None
627,Indore Physical Academy,Daily vlogs,15.8M,India,20.5K,20500000,1.1K,1100000,59,59,None
628,Genierock,Music & Dance,15.8M,Thailand,328.2K,328200000,2.4K,2400000,99,99,None
629,Vlad and Niki PRT,Movies,15.8M,None,566.2K,566200000,0,0,0,0,Humor
630,EdisonPts,Video games,15.8M,Russia,1.7M,1700000000,116.1K,116100000,5K,5000000,None
631,ABS-CBN News,News & Politics,15.8M,Philippines,2K,2000000,23,23,1,1,None
632,Talking Tom & Friends TV,Animation,15.8M,United States,51.6K,51600000,297,297,0,0,Humor
633,MARIANA,Movies,15.7M,Mexico,325.3K,325300000,15.9K,15900000,180,180,None
634,Kritika Channel,None,15.7M,None,2.5M,2500000000,38.8K,38800000,23,23,None
635,LOKESH GAMER,None,15.6M,India,119.3K,119300000,7.8K,7800000,501,501,None
636,Hongyu ASMR 홍유,ASMR,15.6M,United States,427.2K,427200000,3.9K,3900000,129,129,None
637,BBC News,News & Politics,15.6M,United States,64.6K,64600000,980,980,349,349,None
638,Niana Guerrero,Music & Dance,15.6M,Philippines,572.6K,572600000,12.6K,12600000,299,299,None
639,Jomy Production,None,15.6M,India,1.6M,1600000000,63.4K,63400000,67,67,None
640,Klara Tania,Movies,15.6M,Indonesia,1.1M,1100000000,70.8K,70800000,119,119,Animation
641,LukeDidThat,None,15.6M,United States,3.8M,3800000000,130.9K,130900000,1.4K,1400000,None
642,XpressTV,Autos & Vehicles,15.6M,Mexico,1.3M,1300000000,28.7K,28700000,281,281,None
643,ช่อง8 : Thai Ch8,None,15.6M,Thailand,21.3K,21300000,259,259,4,4,None
644,Stray Kids,Music & Dance,15.6M,United States,1.2M,1200000000,137.9K,137900000,4.5K,4500000,Movies
645,Linus Tech Tips,Science & Technology,15.6M,United States,1.1M,1100000000,43.6K,43600000,1.9K,1900000,None
646,Dave and Ava - Nursery Rhymes and Baby Songs,Music & Dance,15.6M,None,123.7K,123700000,416,416,0,0,None
647,Daftar Populer,None,15.6M,Indonesia,68.7K,68700000,769,769,92,92,None
648,Little Angel - Músicas Infantis em Português,Animation,15.6M,None,296.3K,296300000,940,940,0,0,None
649,JULIA GISELLA,None,15.5M,United States,2.6M,2600000000,155.4K,155400000,2.8K,2800000,None
650,Caeli YT,None,15.5M,None,28.5K,28500000,768,768,179,179,None
651,E-MasterSensei,Movies,15.5M,Mexico,985.3K,985300000,15.2K,15200000,584,584,Video games
652,BigChungus,None,15.5M,Argentina,2.3M,2300000000,155.7K,155700000,1K,1000000,None
653,GOLU008,None,15.5M,India,5.8M,5800000000,187.9K,187900000,369,369,None
654,Liza Baez,None,15.5M,Mexico,2.7M,2700000000,348.2K,348200000,1.6K,1600000,None
655,RupalChoudhary TD,None,15.5M,India,142.1K,142100000,4.6K,4600000,21,21,None
656,Kerajinan 5-Menit,None,15.5M,Indonesia,11.1K,11100000,48,48,2,2,None
657,Mohamed Ramadan I محمد رمضان,Music & Dance,15.4M,Egypt,78.6K,78600000,3.6K,3600000,157,157,Movies
658,Roman Atwood Vlogs,Movies,15.4M,United States,236.2K,236200000,13K,13000000,190,190,Humor
659,Makiman131,Movies,15.4M,Spain,54.8K,54800000,4K,4000000,92,92,Animation
660,PlayStation,None,15.4M,United States,39.6K,39600000,1.2K,1200000,115,115,None
661,SportsNation,Sports,15.4M,United States,72.2K,72200000,2.7K,2700000,31,31,None
662,Luli Pampín,Music & Dance,15.4M,None,2.5M,2500000000,5.3K,5300000,0,0,Animation
663,CrashCourse,Science & Technology,15.4M,United States,42.9K,42900000,1.4K,1400000,49,49,None
664,League of Legends,Movies,15.4M,United States,2.2M,2200000000,111.4K,111400000,5K,5000000,Animation
665,The Dodo,Animals & Pets,15.4M,United States,580.8K,580800000,25.9K,25900000,564,564,None
666,Zé Neto e Cristiano,None,15.4M,Brazil,8.6K,8600000,820,820,36,36,None
667,Woody & Kleiny,Video games,15.4M,United States,220.2K,220200000,15.2K,15200000,42,42,Humor
668,infobells - Kannada,Education,15.4M,None,234.7K,234700000,217,217,0,0,None
669,Kwebbelkop,Animation,15.4M,United States,22.9K,22900000,622,622,26,26,Video games
670,Pokémon Kids TV,None,15.3M,None,89.8K,89800000,0,0,0,0,None
671,FACT FIRE KING,None,15.3M,None,381.5K,381500000,21.7K,21700000,107,107,None
672,PrestonPlayz,Animation,15.2M,United States,1.6M,1600000000,30.7K,30700000,1.2K,1200000,Video games
673,Camila Loures,Movies,15.2M,Brazil,400.4K,400400000,24K,24000000,463,463,Humor
674,Oyuncak Avı,Animation,15.2M,None,87.2K,87200000,0,0,6,6,Video games
675,Mariale,None,15.2M,Mexico,11.2K,11200000,574,574,11,11,None
676,O Reino Infantil,Music & Dance,15.2M,None,87.2K,87200000,116,116,0,0,None
677,Ranz Kyle,None,15.2M,Philippines,434.7K,434700000,9.8K,9800000,195,195,None
678,Grandmaster JinBodhi Main Channel,Animation,15.2M,Singapore,13.8K,13800000,594,594,5,5,None
679,Compot,Animation,15.2M,Russia,1.2M,1200000000,48.5K,48500000,2.4K,2400000,Video games
680,Lana Del Rey,Music & Dance,15.2M,United States,493.5K,493500000,90.3K,90300000,5.9K,5900000,None
681,Gyan Gamingㅤ,Video games,15.2M,India,105.2K,105200000,11.3K,11300000,126,126,Humor
682,Aadishakti Films,Music & Dance,15.2M,None,165.5K,165500000,8.2K,8200000,340,340,None
683,Rebecca Zamolo,Movies,15.2M,United States,2.5M,2500000000,27.4K,27400000,2.6K,2600000,Humor
684,Crescendo com Luluca,Animation,15.2M,Brazil,837.4K,837400000,43.5K,43500000,2.9K,2900000,None
685,Saad Lamjarred | سعد لمجرد,Music & Dance,15.2M,Morocco,7.7M,7700000000,110.7K,110700000,3.9K,3900000,None
686,Alexa Rivera,Animation,15.1M,United States,2.7M,2700000000,41.8K,41800000,2.4K,2400000,Humor
687,Kajal Soni,None,15.1M,None,5.4M,5400000000,213.3K,213300000,354,354,None
688,Jazzghost,Movies,15.1M,Brazil,1.6M,1600000000,79.8K,79800000,4.5K,4500000,Animation
689,Zee Telugu,None,15M,India,6.5K,6500000,131,131,0,0,None
690,MattyBRaps,Music & Dance,15M,United States,0,0,0,0,0,0,None
691,The Slow Mo Guys,None,15M,United States,919.6K,919600000,57.1K,57100000,1.9K,1900000,None
692,Lachlan,Animation,15M,United States,568.5K,568500000,15.6K,15600000,281,281,Video games
693,Telemundo,None,15M,Argentina,8.9K,8900000,123,123,6,6,None
694,Трум Трум,Video games,15M,None,84.4K,84400000,2K,2000000,43,43,Toys
695,iTownGamePlay *Terror&Diversión*,Animation,15M,Mexico,49.3K,49300000,2.9K,2900000,182,182,Video games
696,웃웃TwinsFromRussia,Animation,15M,United States,86.7K,86700000,2.9K,2900000,28,28,Humor
697,GMM25Thailand,None,15M,Thailand,3K,3000000,65,65,0,0,None
698,Zig & Sharko,Humor,15M,None,114.6K,114600000,1K,1000000,0,0,None
699,Auron,Movies,15M,Mexico,1M,1000000000,59K,59000000,978,978,Animation
700,Think Music India,Music & Dance,15M,India,29.1K,29100000,838,838,7,7,None
701,Jorge & Mateus Oficial,Music & Dance,15M,Brazil,20.9K,20900000,2.2K,2200000,75,75,None
702,BIBO и Игрушки,Animation,15M,None,42.5K,42500000,0,0,0,0,Video games
703,Crazy Frog,Music & Dance,15M,United States,637.3K,637300000,13.4K,13400000,95,95,Animation
704,NOBRU,Movies,15M,Brazil,533.8K,533800000,43.7K,43700000,165,165,Animation
705,5-Minute Crafts Recycle,None,15M,India,4.8K,4800000,45,45,1,1,None
706,TheRichest,News & Politics,14.9M,United States,7.2K,7200000,231,231,12,12,None
707,Miss Karisha,None,14.9M,None,115.5K,115500000,0,0,29,29,None
708,Tappu Honey Parmar,None,14.9M,India,1.4M,1400000000,41K,41000000,159,159,None
709,Come Play With Me,Movies,14.9M,None,1.4M,1400000000,2.7K,2700000,0,0,Toys
710,Fueled By Ramen,Music & Dance,14.9M,United States,49.7K,49700000,1.8K,1800000,151,151,None
711,Meghan Trainor,Movies,14.9M,United States,13K,13000000,562,562,53,53,Humor
712,Airrack,Video games,14.8M,United States,6.2M,6200000000,316K,316000000,921,921,Humor
713,Bobon Santoso,Music & Dance,14.8M,Indonesia,318.5K,318500000,11.8K,11800000,749,749,Movies
714,Dropout,Movies,14.8M,United States,0,0,0,0,0,0,Humor
715,Major Lazer Official,Music & Dance,14.8M,United States,25.4K,25400000,792,792,37,37,Movies
716,Geo News,None,14.8M,Pakistan,3K,3000000,66,66,2,2,None
717,Like Nastya Stories,Animation,14.8M,None,99.3K,99300000,369,369,0,0,Toys
718,Tibo InShape,Animation,14.8M,France,440K,440000000,31.8K,31800000,229,229,None
719,Saito さいとう,None,14.8M,United States,613.8K,613800000,15.7K,15700000,22,22,None
720,MalumaVEVO,Music & Dance,14.8M,Mexico,2.2M,2200000000,66.7K,66700000,2.6K,2600000,None
721,karameeshchannel,Music & Dance,14.8M,Jordan,125.9K,125900000,435,435,0,0,None
722,Acenix,Animation,14.8M,Mexico,980.6K,980600000,20.9K,20900000,1K,1000000,Video games
723,pets swag,None,14.8M,United States,257.2K,257200000,7.9K,7900000,78,78,None
724,TommyInnit,Video games,14.8M,United States,597.2K,597200000,67.3K,67300000,3.5K,3500000,Humor
725,Chad Wild Clay,Movies,14.8M,United States,1.2M,1200000000,15.4K,15400000,2.7K,2700000,Humor
726,Reaction Time,Animation,14.8M,United States,44.5K,44500000,1.9K,1900000,53,53,Humor
727,حقائق وأسرار,None,14.8M,Egypt,17.8K,17800000,709,709,20,20,None
728,Manish Sahu 47,None,14.7M,India,525.2K,525200000,25.4K,25400000,181,181,None
729,LittleGlove,Daily vlogs,14.7M,India,963.8K,963800000,43.7K,43700000,165,165,None
730,Veritasium,Science & Technology,14.7M,United States,3.1M,3100000000,155.1K,155100000,24K,24000000,None
731,BehindwoodsTV,Daily vlogs,14.6M,None,13.7K,13700000,299,299,3,3,None
732,Boram Tube ToysReview [보람튜브 토이리뷰],Movies,14.6M,None,9.3K,9300000,68,68,0,0,Toys
733,قناة وناسة -  Wanasah TV,Movies,14.6M,None,428.9K,428900000,2.4K,2400000,0,0,Animation
734,Wish 107.5,Music & Dance,14.6M,Philippines,50.2K,50200000,985,985,75,75,Movies
735,Desi Gamers,None,14.6M,India,2M,2000000000,154.5K,154500000,4.9K,4900000,None
736,Dhruv Rathee,News & Politics,14.6M,India,7.6M,7600000000,301.9K,301900000,14.5K,14500000,None
737,T-Series Regional,Music & Dance,14.6M,India,2.9K,2900000,51,51,5,5,None
738,AlArabiya العربية,News & Politics,14.6M,Morocco,7.5K,7500000,162,162,10,10,None
739,RaptorGamer,Animation,14.6M,Mexico,118.1K,118100000,11.3K,11300000,279,279,Video games
740,IDEIAS INCRÍVEIS,None,14.6M,Brazil,30K,30000000,137,137,3,3,None
741,Ryan Trahan,Movies,14.6M,United States,1.6M,1600000000,102.6K,102600000,289,289,None
742,penguinz0,Movies,14.6M,United States,1.5M,1500000000,67.9K,67900000,3.3K,3300000,None
743,BigTasty,None,14.6M,United States,39.8K,39800000,1.9K,1900000,5,5,None
744,Cyprien,Movies,14.6M,France,65.8K,65800000,8.4K,8400000,117,117,Animation
745,O Que Não Dizer Oficial,Movies,14.6M,Brazil,93.5K,93500000,10.3K,10300000,60,60,Animation
746,أترو/Atro,None,14.6M,Iraq,270.7K,270700000,33.2K,33200000,7.5K,7500000,None
747,Goldmines Premiere,None,14.6M,None,7.8K,7800000,200,200,0,0,None
748,NikkieTutorials,Design/art,14.6M,United States,3.7M,3700000000,196.3K,196300000,1K,1000000,Beauty
749,ETV Jabardasth,Humor,14.6M,India,62.8K,62800000,1.1K,1100000,5,5,None
750,Rosanna Pansino,DIY & Life Hacks,14.6M,United States,44K,44000000,2.9K,2900000,27,27,None
751,Rosanna Pansino,DIY & Life Hacks,14.6M,United States,44K,44000000,2.9K,2900000,27,27,None
752,Маша та Ведмідь,None,14.6M,None,244.7K,244700000,2.5K,2500000,0,0,None
753,penguinz0,Movies,14.5M,United States,1.5M,1500000000,63.4K,63400000,3.1K,3100000,None
754,BigTasty,None,14.5M,United States,40.2K,40200000,1.9K,1900000,5,5,None
755,Czn Burak,Daily vlogs,14.5M,Turkey,374.3K,374300000,16.7K,16700000,271,271,None
756,Caylus,Animation,14.5M,United States,565K,565000000,11.3K,11300000,500,500,Video games
757,Hacksmith Industries,Video games,14.5M,United States,185.9K,185900000,11.8K,11800000,96,96,None
758,Bon Bon Media,None,14.5M,United Kingdom,166.7K,166700000,2.8K,2800000,4,4,None
759,DangMattSmith,Animation,14.5M,None,95.1K,95100000,3.2K,3200000,370,370,Humor
760,Adaah Queen,None,14.5M,India,1.4M,1400000000,76.5K,76500000,224,224,None
761,Луномосик,Movies,14.5M,Russia,1.6M,1600000000,43.2K,43200000,2.1K,2100000,Video games
762,Drawblogs,Movies,14.5M,Mexico,8.9K,8900000,327,327,22,22,Animation
763,서은일상이야기,Movies,14.4M,None,9K,9000000,30,30,0,0,Humor
764,Mythpat,None,14.4M,India,2M,2000000000,133.4K,133400000,33.7K,33700000,None
765,Lilly Singh,Animation,14.4M,United States,57.1K,57100000,2.7K,2700000,28,28,Humor
766,Kids TV India Hindi Nursery Rhymes,Toys,14.4M,None,21.9K,21900000,78,78,0,0,None
767,TV Ana Emilia,None,14.4M,Mexico,122K,122000000,5.5K,5500000,214,214,None
768,Blockbuster Movies,Daily vlogs,14.4M,India,7.8K,7800000,184,184,2,2,None
769,Bie The Ska,None,14.4M,Thailand,309.6K,309600000,6.6K,6600000,162,162,None
770,BanderitaX,Animation,14.4M,Saudi Arabia,1.4M,1400000000,111.3K,111300000,1.3K,1300000,Video games
771,Atlantic Records,None,14.4M,United States,6.6K,6600000,304,304,6,6,None
772,Family Fitness,None,14.3M,India,380.8K,380800000,17.7K,17700000,486,486,None
773,RobTopGames,None,14.3M,United States,105.5K,105500000,9K,9000000,587,587,None
774,Red Bull,Sports,14.3M,United States,982.2K,982200000,42K,42000000,249,249,None
775,Invento na Hora,Movies,14.2M,Brazil,558.8K,558800000,50.1K,50100000,729,729,Humor
776,Codiscos,Music & Dance,14.2M,None,25.7K,25700000,454,454,14,14,None
777,Right to Shiksha,None,14.2M,India,317.4K,317400000,40.7K,40700000,98,98,None
778,Typical Gamer,Animation,14.2M,United States,337.8K,337800000,6.1K,6100000,244,244,Video games
779,GMA Integrated News,Music & Dance,14.2M,Philippines,2.8K,2800000,69,69,1,1,None
780,NH Studioz,None,14.2M,India,10.7K,10700000,71,71,2,2,None
781,Fact Brain 96,None,14.2M,None,174.5K,174500000,0,0,54,54,None
782,MC Divertida,Music & Dance,14.2M,None,1.2M,1200000000,3.2K,3200000,0,0,Movies
783,Nick DiGiovanni,Food & Drinks,14.2M,United States,8.5M,8500000000,962.1K,962100000,4.3K,4300000,None
784,Diana Belitskay,None,14.2M,United States,259.7K,259700000,14.8K,14800000,209,209,None
785,Brawl Stars,Animation,14.2M,United States,1.4M,1400000000,101.6K,101600000,2.5K,2500000,None
786,AM3NlC,Autos & Vehicles,14.2M,Brazil,164.5K,164500000,15.7K,15700000,229,229,None
787,NishaMadhulika,Food & Drinks,14.2M,India,157K,157000000,2.6K,2600000,430,430,None
788,Super Polina,None,14.2M,Russia,4.9K,4900000,21,21,0,0,None
789,infobells,Toys,14.2M,None,60.8K,60800000,1.1K,1100000,0,0,Autos & Vehicles
790,#Refugio Mental,Movies,14.1M,Argentina,133.2K,133200000,1.7K,1700000,42,42,Animation
791,Su Hao,Daily vlogs,14.1M,United States,176.1K,176100000,3.4K,3400000,3,3,None
792,Zee Tamil,Movies,14.1M,India,11.1K,11100000,211,211,1,1,Humor
793,Fact YT,None,14.1M,None,227.3K,227300000,0,0,30,30,None
794,Trap City,Music & Dance,14.1M,United States,12.9K,12900000,689,689,34,34,None
795,Vogue,Fashion,14.1M,United States,95.5K,95500000,4.4K,4400000,52,52,None
796,Mission Facts,None,14.1M,None,4.9K,4900000,0,0,0,0,None
797,Поззи,Animation,14M,Russia,352.4K,352400000,13.7K,13700000,972,972,Video games
798,Zeinab Harake,Humor,14M,Philippines,1.8M,1800000000,71.6K,71600000,2.3K,2300000,None
799,123 GO! Spanish,Animation,14M,Mexico,86.5K,86500000,515,515,20,20,None
800,Мастерская Настроения,Movies,14M,Russia,330.2K,330200000,5K,5000000,107,107,Video games
801,BBC,Movies,14M,United Kingdom,6.8K,6800000,173,173,4,4,Animation
802,Saturday Night Live,Movies,14M,United States,963.6K,963600000,18.8K,18800000,681,681,Humor
803,Darkar Company Studios,Animation,14M,Mexico,507.9K,507900000,61.5K,61500000,1K,1000000,Video games
804,Jooj Natu,None,14M,Brazil,1.4M,1400000000,138.5K,138500000,463,463,None
805,Emilly Vick,Animation,14M,Brazil,2.7M,2700000000,0,0,4.3K,4300000,Humor
806,Trakin Tech,News & Politics,14M,India,582.1K,582100000,30.6K,30600000,1.4K,1400000,None
807,FAPTV,Animation,14M,United States,67K,67000000,2.1K,2100000,10,10,Humor
808,Merrick Hanna,None,14M,United States,147.4K,147400000,7.7K,7700000,77,77,None
809,My Mate Nate,None,14M,Thailand,803.7K,803700000,20.3K,20300000,610,610,None
810,PlayHard,Animation,14M,Brazil,156.9K,156900000,23.7K,23700000,86,86,Video games
811,DRJ Records Specials,None,14M,India,9.5K,9500000,41,41,2,2,None
812,Enterr10 Rangeela,Music & Dance,13.9M,India,9.3K,9300000,79,79,2,2,None
813,Lofi Girl,Humor,13.9M,United States,119.2K,119200000,9.7K,9700000,146,146,None
814,benja calero,Movies,13.9M,Argentina,2.1M,2100000000,199.3K,199300000,937,937,Animation
815,Anninha,None,13.9M,United States,395.5K,395500000,12K,12000000,96,96,None
816,Gustavo Paródias,Music & Dance,13.9M,Brazil,68.8K,68800000,2.6K,2600000,18,18,Animation
817,Uman sayyed shorts,None,13.9M,India,251.3K,251300000,11.7K,11700000,25,25,None
818,BOT NETWORK,None,13.9M,None,9.4K,9400000,1.9K,1900000,957,957,None
819,BUDI01 GAMING,Movies,13.9M,Indonesia,1M,1000000000,39.1K,39100000,2.4K,2400000,Animation
820,Awakening Music,Music & Dance,13.9M,Indonesia,10.3K,10300000,768,768,30,30,None
821,The Infographics Show,Education,13.8M,United States,102.7K,102700000,2.8K,2800000,222,222,None
822,Wesley Safadão,Music & Dance,13.8M,Brazil,94K,94000000,3.6K,3600000,127,127,None
823,Peppa Pig em Português Brasil - Canal Oficial,Movies,13.8M,None,818.9K,818900000,3.1K,3100000,0,0,Animation
824,JOJO TV - Hindi Stories,Music & Dance,13.8M,India,12.2K,12200000,61,61,1,1,None
825,KOYA with,Movies,13.8M,None,5.5K,5500000,18,18,0,0,Humor
826,Pastor Antônio Júnior,Music & Dance,13.8M,Brazil,207.5K,207500000,47.5K,47500000,4.3K,4300000,None
827,MAIKI021,Animation,13.8M,Brazil,18.2K,18200000,2.1K,2100000,175,175,Humor
828,Sonotek Bhakti,Music & Dance,13.8M,India,6.8K,6800000,177,177,22,22,None
829,CRAZY GREAPA,None,13.8M,India,2.8M,2800000000,110K,110000000,210,210,None
830,FAMILY BOOMS,None,13.8M,India,1.1M,1100000000,27.4K,27400000,33,33,None
831,Free Fire India Official,None,13.8M,India,186.9K,186900000,20.5K,20500000,338,338,None
832,Ju Araújo,Music & Dance,13.8M,Brazil,32.9K,32900000,1K,1000000,28,28,None
833,El Tío Néstor,Animation,13.8M,Mexico,865.7K,865700000,58.7K,58700000,364,364,None
834,XDSchool,None,13.8M,United States,125.6K,125600000,9K,9000000,24,24,None
835,DALLMYD,Mystery,13.8M,United States,615.1K,615100000,31.3K,31300000,524,524,None
836,Lady Diana,Music & Dance,13.8M,Russia,1M,1000000000,34.3K,34300000,2.6K,2600000,Video games
837,Diana and Roma IND,Animation,13.8M,None,292.9K,292900000,526,526,0,0,Toys
838,Just For Laughs Gags,None,13.8M,United States,99.5K,99500000,1.3K,1300000,31,31,None
839,MyMissAnand,Movies,13.8M,India,706.6K,706600000,11K,11000000,0,0,Humor
840,Technology Gyan,None,13.7M,India,376.5K,376500000,19.5K,19500000,931,931,None
841,NITIN FREE FIRE,None,13.7M,India,976K,976000000,116.5K,116500000,1.4K,1400000,None
842,Kabita's Kitchen,None,13.7M,India,102.6K,102600000,2.9K,2900000,161,161,None
843,Miniature bana,None,13.7M,None,70.8K,70800000,0,0,4,4,None
844,Sinotal Gaming,None,13.7M,None,58.4K,58400000,4K,4000000,10,10,None
845,Anaysa,Movies,13.7M,India,379.8K,379800000,6.1K,6100000,245,245,Humor
846,Jane & Sergio 🥰,None,13.7M,United States,93.5K,93500000,2K,2000000,5,5,None
847,English Connection,Movies,13.6M,India,182.8K,182800000,10.4K,10400000,167,167,None
848,Online Job,None,13.6M,India,3.7K,3700000,84,84,11,11,None
849,Ricky Limon,None,13.6M,Mexico,3.9M,3900000000,242.2K,242200000,3.1K,3100000,None
850,gogo 2728,Daily vlogs,13.6M,India,1M,1000000000,83.1K,83100000,107,107,None
851,STAR भारत,None,13.6M,India,10.5K,10500000,275,275,2,2,None
852,Alextis,None,13.6M,Spain,305.2K,305200000,13.4K,13400000,80,80,None
853,Heidi y Zidane,Daily vlogs,13.6M,None,99.2K,99200000,359,359,0,0,None
854,ATHLEAN-X™,Fitness,13.6M,United States,265.7K,265700000,8.6K,8600000,314,314,Health & Self Help
855,theRadBrad,Animation,13.6M,United States,137.5K,137500000,5.4K,5400000,295,295,Video games
856,Alex Gonzaga Official,Movies,13.6M,Philippines,2.2M,2200000000,49K,49000000,987,987,Humor
857,Jugnu Kids - Nursery Rhymes and Best Baby Songs,Food & Drinks,13.6M,None,62.5K,62500000,189,189,0,0,Toys
858,Jack Doherty,None,13.6M,United States,766.5K,766500000,22.7K,22700000,471,471,None
859,Moonbug Kids - Sing Along With Me!,Toys,13.6M,None,43.7K,43700000,64,64,0,0,None
860,technical Bana,None,13.5M,None,48.9K,48900000,0,0,4,4,None
861,EnriqueIglesiasVEVO,None,13.5M,United States,0,0,0,0,0,0,None
862,Matt Steffanina,Music & Dance,13.5M,United States,33.3K,33300000,1.8K,1800000,64,64,Movies
863,Deepali Markam,None,13.5M,India,2.8M,2800000000,93.2K,93200000,55,55,None
864,Albertisment,Video games,13.5M,Spain,501.4K,501400000,18K,18000000,116,116,None
865,설기양SULGI,ASMR,13.5M,United States,311.2K,311200000,6.8K,6800000,214,214,Food & Drinks
866,The McFive Circus,None,13.5M,United States,458.4K,458400000,15.3K,15300000,176,176,None
867,H2ODelirious,Video games,13.5M,United States,108.5K,108500000,4.9K,4900000,132,132,Humor
868,Hungria Hip Hop,Music & Dance,13.4M,Brazil,26.3K,26300000,2.9K,2900000,68,68,None
869,Kirya Kolesnikov,Daily vlogs,13.4M,United States,59.6K,59600000,1.6K,1600000,9,9,None
870,Lokdhun Punjabi,Music & Dance,13.4M,India,347.1K,347100000,515,515,57,57,None
871,Knowledge Tv हिन्दी,Music & Dance,13.4M,India,71.5K,71500000,1K,1000000,112,112,Animation
872,Ei Nerd,Movies,13.4M,Brazil,153.6K,153600000,20.2K,20200000,533,533,Animation
873,WinnerMax,Movies,13.4M,Colombia,132.1K,132100000,7.5K,7500000,305,305,Animation
874,VexTrex,Movies,13.4M,None,24.7K,24700000,0,0,0,0,Animation
875,Теремок ТВ,None,13.4M,None,78.1K,78100000,118,118,0,0,None
876,The World Adventures हिन्दी,Daily vlogs,13.4M,None,5K,5000000,195,195,14,14,None
877,SHoNgxBоNg,None,13.4M,Saudi Arabia,3.4M,3400000000,309.1K,309100000,13K,13000000,None
878,RedeTV,None,13.4M,Brazil,4K,4000000,121,121,2,2,None
879,Captain Watch Hits,None,13.4M,India,347.9K,347900000,15.6K,15600000,51,51,None
880,Saregama Hum Bhojpuri,Music & Dance,13.4M,India,25.3K,25300000,966,966,33,33,None
881,The Q,None,13.3M,United States,27.9K,27900000,1.4K,1400000,74,74,None
882,Kurt Hugo Schneider,None,13.3M,United States,75.5K,75500000,4.4K,4400000,58,58,None
883,Amaury Guichon,None,13.3M,United States,4M,4000000000,182.9K,182900000,1.5K,1500000,None
884,Moosa Tv Info,None,13.3M,India,1.5M,1500000000,34.4K,34400000,269,269,None
885,Watch Me,Movies,13.3M,Russia,148.8K,148800000,2.9K,2900000,20,20,Animation
886,SpriteDer SPD,Humor,13.3M,Thailand,1.2M,1200000000,34.8K,34800000,112,112,None
887,VENDY YADUWANSHI,None,13.3M,India,220.2K,220200000,20.3K,20300000,45,45,None
888,Franco Escamilla,Movies,13.3M,Mexico,333.8K,333800000,14.9K,14900000,141,141,Humor
889,Ornella Zocco,None,13.3M,Italy,62.2K,62200000,1.1K,1100000,19,19,None
890,Wolfoo Channel,Movies,13.2M,None,52.2K,52200000,122,122,0,0,Toys
891,JesseAndMike,Animation,13.2M,United States,180.6K,180600000,2.4K,2400000,141,141,Humor
892,YoungBoy Never Broke Again,Music & Dance,13.2M,United States,425.1K,425100000,27.9K,27900000,2.8K,2800000,None
893,Rachit Rojha,None,13.2M,India,509.3K,509300000,18.6K,18600000,139,139,None
894,Jass Records,Music & Dance,13.2M,India,7.1K,7100000,350,350,6,6,None
895,Farjana Drawing Academy,None,13.2M,India,253.5K,253500000,11.1K,11100000,228,228,None
896,Aniruddhacharya ji,Daily vlogs,13.2M,India,87.5K,87500000,3.4K,3400000,185,185,None
897,Jagdish Comedian,None,13.2M,None,2M,2000000000,40.9K,40900000,12,12,None
898,Luke Davidson,Animation,13.2M,United States,1.8M,1800000000,144.8K,144800000,1.2K,1200000,Humor
899,Bihari Ladka,None,13.2M,India,897.1K,897100000,76.4K,76400000,629,629,None
900,Lucan Pevidor,None,13.2M,Brazil,881.4K,881400000,40K,40000000,173,173,None
901,BIBO와 장난감,None,13.2M,None,34.4K,34400000,0,0,0,0,None
902,Duo Tiempo De Sol,Music & Dance,13.2M,None,79.6K,79600000,149,149,0,0,Animation
903,CTC,Movies,13.2M,Russia,27.5K,27500000,562,562,13,13,Animation
904,First We Feast,Movies,13.2M,United States,146K,146000000,5.5K,5500000,126,126,None
905,Top Viral Talent,None,13.2M,United States,13.4K,13400000,215,215,5,5,None
906,VYRLOriginals,None,13.1M,India,36.3K,36300000,1.5K,1500000,19,19,None
907,gymvirtual,Fitness,13.1M,Mexico,42.4K,42400000,1.5K,1500000,46,46,Health & Self Help
908,Oneindia Hindi | वनइंडिया हिंदी,Music & Dance,13.1M,India,4.4K,4400000,85,85,2,2,Animation
909,Yarook_Malik22,None,13.1M,None,156.7K,156700000,11K,11000000,35,35,None
910,Diosdado Juarez,Fitness,13.1M,Mexico,1.5M,1500000000,131.4K,131400000,434,434,None
911,Times Music,Music & Dance,13.1M,India,11.8K,11800000,543,543,11,11,None
912,Quantum Tech HD,Science & Technology,13.1M,United States,517.6K,517600000,3.3K,3300000,53,53,None
913,Chota Ali vlogs,None,13M,None,202.4K,202400000,7K,7000000,113,113,None
914,Wild 'N Out,Music & Dance,13M,United States,356.4K,356400000,7K,7000000,143,143,Humor
915,Baby Monster School,None,13M,United States,936.7K,936700000,32.2K,32200000,72,72,None
916,Rathore Cassettes,Music & Dance,13M,India,3.3K,3300000,46,46,5,5,None
917,Monsta,None,13M,Indonesia,250.6K,250600000,10.9K,10900000,161,161,None
918,Talking Angela,Music & Dance,13M,United States,115.2K,115200000,656,656,0,0,Movies
919,NDTV,News & Politics,13M,India,2.4K,2400000,45,45,1,1,None
920,Biper y sus Amigos,Music & Dance,13M,None,83.2K,83200000,0,0,0,0,Movies
921,Mundo Bita,Music & Dance,13M,None,92.4K,92400000,2.1K,2100000,0,0,None
922,Más SKabeche,Movies,13M,Mexico,63.8K,63800000,4.6K,4600000,35,35,None
923,Flowers Comedy,Humor,13M,India,12.9K,12900000,285,285,2,2,None
924,Nas Daily,Daily vlogs,13M,United States,637.9K,637900000,32.5K,32500000,510,510,None
925,ام سيف Om sayf,None,13M,Iraq,6.1M,6100000000,213.4K,213400000,1.1K,1100000,None
926,Talent Recap,Music & Dance,13M,United States,47K,47000000,527,527,26,26,Humor
927,Olivia Rodrigo,Music & Dance,13M,United States,530.5K,530500000,30.1K,30100000,1.2K,1200000,Animation
928,Harsha Sai - For You Hindi,None,13M,India,1.1M,1100000000,93.8K,93800000,1.6K,1600000,None
929,HISTORY,Movies,13M,United States,78.6K,78600000,1.3K,1300000,82,82,None
930,eltrece,Music & Dance,13M,None,3.2K,3200000,37,37,6,6,None
931,عائلة ابو رعد للمنوعات,None,13M,None,482.9K,482900000,8.8K,8800000,11,11,None
932,GoldminesAction,None,13M,None,8.1K,8100000,155,155,0,0,None
933,Troom Troom India,None,13M,India,76.9K,76900000,671,671,9,9,None
934,Hero Movies 2024,Daily vlogs,13M,India,7.7K,7700000,173,173,1,1,None
935,POCOYÓ en ESPAÑOL - Canal Oficial,None,13M,None,358K,358000000,1.5K,1500000,0,0,None
936,Wave Music Bhakti,Music & Dance,13M,None,1.7K,1700000,18,18,3,3,None
937,bharatzkitchen HINDI,Music & Dance,12.9M,India,232.8K,232800000,2.7K,2700000,122,122,None
938,Blossom,None,12.9M,United States,23.1K,23100000,836,836,4,4,None
939,Inside Edition,News & Politics,12.9M,United States,53K,53000000,1.3K,1300000,120,120,None
940,Karen Bustillos,None,12.9M,Mexico,1.8M,1800000000,112K,112000000,1.7K,1700000,None
941,Tonni art and craft,Music & Dance,12.9M,India,683K,683000000,29.6K,29600000,270,270,None
942,DisneyChannelUK,Movies,12.9M,None,31.7K,31700000,754,754,0,0,Humor
943,ARGEN,None,12.9M,Russia,742.3K,742300000,55.9K,55900000,603,603,None
944,King of Cubers,None,12.9M,India,53.2K,53200000,2.4K,2400000,37,37,None
945,The Film Theorists,Movies,12.9M,United States,1.9M,1900000000,123.7K,123700000,6.4K,6400000,Animation
946,Pari's Lifestyle,None,12.9M,India,469.8K,469800000,3K,3000000,315,315,None
947,Troom Troom Indonesia,Music & Dance,12.9M,Indonesia,82.6K,82600000,1.1K,1100000,40,40,Movies
948,Factsman,None,12.8M,None,28.6K,28600000,0,0,38,38,None
949,Ankita Bhawsar,None,12.8M,India,1.5M,1500000000,76.2K,76200000,66,66,None
950,DaniRep | +6 Vídeos Diarios De GTA 5 Online!,Animation,12.8M,Mexico,165.1K,165100000,11.2K,11200000,73,73,Video games
951,MrSuicideSheep,None,12.8M,United States,59.9K,59900000,2.4K,2400000,152,152,None
952,Timba Vk,Animation,12.8M,Mexico,1.3M,1300000000,29.5K,29500000,703,703,Video games
953,Al Jazeera English,News & Politics,12.8M,United States,14.3K,14300000,508,508,133,133,None
954,Heidi and Zidane Kids Fun,Animation,12.8M,None,61.5K,61500000,1K,1000000,0,0,Toys
955,SuperHero Kids,Animation,12.8M,None,88.6K,88600000,2.1K,2100000,5,5,None
956,Piuzinho,Movies,12.8M,Brazil,251.6K,251600000,54.4K,54400000,2.6K,2600000,Animation
957,Parafernalha,Movies,12.8M,Brazil,41.7K,41700000,4.3K,4300000,27,27,Humor
958,#Refúgio Mental,Movies,12.8M,Brazil,266.4K,266400000,4.7K,4700000,96,96,Animation
959,Ellie Goulding,Music & Dance,12.8M,United States,39.4K,39400000,2.1K,2100000,162,162,None
960,YoSoyPlex,Movies,12.8M,Spain,2.1M,2100000000,120.6K,120600000,5.9K,5900000,Video games
961,Lulu99,None,12.8M,Colombia,443.4K,443400000,22.7K,22700000,557,557,None
962,Avril Lavigne,Music & Dance,12.8M,United States,43K,43000000,6.8K,6800000,220,220,None
963,Heera Gold,Daily vlogs,12.8M,Pakistan,52.5K,52500000,1.1K,1100000,79,79,None
964,Telugu Filmnagar,None,12.8M,India,6.5K,6500000,231,231,1,1,None
965,Tayo Bus Kecil - Tayo Bahasa Indonesia,Music & Dance,12.8M,Indonesia,216.5K,216500000,192,192,0,0,None
966,M4 Tech,None,12.7M,India,1M,1000000000,43.1K,43100000,958,958,None
967,vlogger varun,None,12.7M,India,3.4M,3400000000,186.8K,186800000,243,243,None
968,Positive Energy-Funny family,None,12.6M,None,136.6K,136600000,0,0,4,4,None
969,That's Amazing Shorts,None,12.6M,United States,97.7K,97700000,3.8K,3800000,52,52,None
970,माशा एंड द बेयर,Animation,12.6M,None,165.9K,165900000,1.7K,1700000,0,0,Toys
971,Ruh,None,12.6M,None,43.2K,43200000,835,835,1,1,None
972,Troom Troom PT,Animation,12.6M,Brazil,88.4K,88400000,1.4K,1400000,42,42,None
973,Hi-Tech Islamic Naat,Music & Dance,12.6M,Pakistan,12.1K,12100000,213,213,23,23,None
974,CaseyNeistat,Movies,12.6M,United States,0,0,0,0,0,0,None
975,Yair17,Movies,12.6M,Mexico,86.8K,86800000,7.7K,7700000,316,316,Animation
976,LipaoGamer,Movies,12.6M,Brazil,128.2K,128200000,4K,4000000,110,110,Animation
977,Теремок - Песенки для детей,None,12.6M,Russia,63.3K,63300000,106,106,0,0,None
978,Wolfoo Family,Movies,12.6M,None,211.4K,211400000,819,819,0,0,Toys
979,Family Box,Movies,12.6M,Russia,154.7K,154700000,5.3K,5300000,76,76,None
980,Chiku life vlogs,None,12.6M,None,2.1M,2100000000,99.6K,99600000,305,305,None
981,Health Time,Daily vlogs,12.6M,India,2.3K,2300000,68,68,2,2,None
982,MicroStrategy,Daily vlogs,12.6M,India,385.6K,385600000,25.6K,25600000,656,656,None
983,Yoga With Adriene,Fitness,12.6M,United States,470.2K,470200000,12.4K,12400000,1K,1000000,None
984,People Vs Food,Food & Drinks,12.6M,United States,19.1K,19100000,1K,1000000,15,15,None
985,Panda,Animation,12.6M,India,182.9K,182900000,15.5K,15500000,117,117,Video games
986,NFL,Sports,12.6M,United States,37.7K,37700000,626,626,117,117,None
987,Videogyan Kids - Learning Videos & Nursery Rhymes,Animation,12.6M,None,67.1K,67100000,1.1K,1100000,0,0,Toys
988,Goldmines Housefull,None,12.6M,None,9.9K,9900000,0,0,0,0,None
989,Ethan Funny Family,None,12.6M,United States,934K,934000000,32.6K,32600000,46,46,None
990,NATTI NATASHA,Music & Dance,12.6M,United States,20.1K,20100000,1.9K,1900000,58,58,None
991,Make Joke Of,Movies,12.6M,India,3.7M,3700000000,153.2K,153200000,727,727,Animation
992,Utkarsh Classes,Education,12.6M,India,91.7K,91700000,7.2K,7200000,207,207,None
993,LOUD,None,12.6M,Brazil,99K,99000000,7.1K,7100000,96,96,None
994,Black Eyed Peas,Music & Dance,12.6M,United States,8K,8000000,667,667,14,14,None
995,Little Baby Bum en Español,None,12.6M,None,21K,21000000,45,45,0,0,None
996,BBC Earth,None,12.5M,United States,80.3K,80300000,1.7K,1700000,79,79,None
997,Jamie Nyland,Animation,12.5M,United States,66.7K,66700000,2.5K,2500000,104,104,Humor
998,janin al chair,None,12.5M,Mexico,1.4M,1400000000,146.1K,146100000,485,485,None
999,Myke Towers,Music & Dance,12.5M,Colombia,8.3K,8300000,485,485,8,8,None
1000,HikakinTV,Humor,12.5M,Japan,703.2K,703200000,25.3K,25300000,312,312,None
952,Timba Vk,Animation,12.8M,Mexico,1.3M,1300000000,29.5K,29500000,703,703,Video games
954,Heidi and Zidane Kids Fun,Animation,12.8M,None,61.5K,61500000,1K,1000000,0,0,Toys
958,#Refúgio Mental,Movies,12.8M,Brazil,266.4K,266400000,4.7K,4700000,96,96,Animation
959,Ellie Goulding,Music & Dance,12.8M,United States,39.4K,39400000,2.1K,2100000,162,162,None
960,YoSoyPlex,Movies,12.8M,Spain,2.1M,2100000000,120.6K,120600000,5.9K,5900000,Video games
961,Lulu99,None,12.8M,Colombia,443.4K,443400000,22.7K,22700000,557,557,None
962,Avril Lavigne,Music & Dance,12.8M,United States,43K,43000000,6.8K,6800000,220,220,None
963,Heera Gold,Daily vlogs,12.8M,Pakistan,52.5K,52500000,1.1K,1100000,79,79,None
964,Telugu Filmnagar,None,12.8M,India,6.5K,6500000,231,231,1,1,None
965,Tayo Bus Kecil - Tayo Bahasa Indonesia,Music & Dance,12.8M,Indonesia,216.5K,216500000,192,192,0,0,None
966,M4 Tech,None,12.7M,India,1M,1000000000,43.1K,43100000,958,958,None
967,vlogger varun,None,12.7M,India,3.4M,3400000000,186.8K,186800000,243,243,None
968,Positive Energy-Funny family,None,12.6M,None,136.6K,136600000,0,0,4,4,None
969,That's Amazing Shorts,None,12.6M,United States,97.7K,97700000,3.8K,3800000,52,52,None
970,माशा एंड द बेयर,Animation,12.6M,None,165.9K,165900000,1.7K,1700000,0,0,Toys
971,Ruh,None,12.6M,None,43.2K,43200000,835,835,1,1,None
972,Troom Troom PT,Animation,12.6M,Brazil,88.4K,88400000,1.4K,1400000,42,42,None
973,Hi-Tech Islamic Naat,Music & Dance,12.6M,Pakistan,12.1K,12100000,213,213,23,23,None
974,CaseyNeistat,Movies,12.6M,United States,0,0,0,0,0,0,None
975,Yair17,Movies,12.6M,Mexico,86.8K,86800000,7.7K,7700000,316,316,Animation
976,LipaoGamer,Movies,12.6M,Brazil,128.2K,128200000,4K,4000000,110,110,Animation
977,Теремок - Песенки для детей,None,12.6M,Russia,63.3K,63300000,106,106,0,0,None
978,Wolfoo Family,Movies,12.6M,None,211.4K,211400000,819,819,0,0,Toys
979,Family Box,Movies,12.6M,Russia,154.7K,154700000,5.3K,5300000,76,76,None
980,Chiku life vlogs,None,12.6M,None,2.1M,2100000000,99.6K,99600000,305,305,None
981,Health Time,Daily vlogs,12.6M,India,2.3K,2300000,68,68,2,2,None
982,MicroStrategy,Daily vlogs,12.6M,India,385.6K,385600000,25.6K,25600000,656,656,None
983,Yoga With Adriene,Fitness,12.6M,United States,470.2K,470200000,12.4K,12400000,1K,1000000,None
984,People Vs Food,Food & Drinks,12.6M,United States,19.1K,19100000,1K,1000000,15,15,None
985,Panda,Animation,12.6M,India,182.9K,182900000,15.5K,15500000,117,117,Video games
986,NFL,Sports,12.6M,United States,37.7K,37700000,626,626,117,117,None
987,Videogyan Kids - Learning Videos & Nursery Rhymes,Animation,12.6M,None,67.1K,67100000,1.1K,1100000,0,0,Toys
988,Goldmines Housefull,None,12.6M,None,9.9K,9900000,0,0,0,0,None
989,Ethan Funny Family,None,12.6M,United States,934K,934000000,32.6K,32600000,46,46,None
990,NATTI NATASHA,Music & Dance,12.6M,United States,20.1K,20100000,1.9K,1900000,58,58,None
991,Make Joke Of,Movies,12.6M,India,3.7M,3700000000,153.2K,153200000,727,727,Animation
992,Utkarsh Classes,Education,12.6M,India,91.7K,91700000,7.2K,7200000,207,207,None
993,LOUD,None,12.6M,Brazil,99K,99000000,7.1K,7100000,96,96,None
994,Black Eyed Peas,Music & Dance,12.6M,United States,8K,8000000,667,667,14,14,None
995,Little Baby Bum en Español,None,12.6M,None,21K,21000000,45,45,0,0,None
996,BBC Earth,None,12.5M,United States,80.3K,80300000,1.7K,1700000,79,79,None
997,Jamie Nyland,Animation,12.5M,United States,66.7K,66700000,2.5K,2500000,104,104,Humor
998,janin al chair,None,12.5M,Mexico,1.4M,1400000000,146.1K,146100000,485,485,None
999,Myke Towers,Music & Dance,12.5M,Colombia,8.3K,8300000,485,485,8,8,None
1000,HikakinTV,Humor,12.5M,Japan,703.2K,703200000,25.3K,25300000,312,312,None
